Dataset,IndexType,Param,K,Recall,QPS,Latency(us),IndexSizeKB,VectorsPerKB,VQ
fashion-mnist-784-euclidean,HNSWALP0,ef=10,1,0.961500,3065.958267,326.162300,52297.156250,1.147290,3517.543002
fashion-mnist-784-euclidean,HNSWALP0.000000,ef=20,1,0.984700,2098.900176,476.440000,52297.156250,1.147290,2408.047007
fashion-mnist-784-euclidean,HNSWALP0.000000,ef=30,1,0.991800,1624.316670,615.643500,52297.156250,1.147290,1863.562136
fashion-mnist-784-euclidean,HNSWALP0.000000,ef=40,1,0.995000,1346.761987,742.521700,52297.156250,1.147290,1545.126447
fashion-mnist-784-euclidean,HNSWALP0.000000,ef=60,1,0.996900,1030.069691,970.808100,52297.156250,1.147290,1181.788570
fashion-mnist-784-euclidean,HNSWALP0.000000,ef=80,1,0.997700,849.885707,1176.628800,52297.156250,1.147290,975.065302
fashion-mnist-784-euclidean,HNSWALP0.000000,ef=100,1,0.998500,733.144011,1363.988500,52297.156250,1.147290,841.128731
fashion-mnist-784-euclidean,HNSWALP0.000000,ef=150,1,0.998600,527.911137,1894.258200,52297.156250,1.147290,605.667124
fashion-mnist-784-euclidean,HNSWALP0.000000,ef=200,1,0.999000,450.253698,2220.970100,52297.156250,1.147290,516.571527
fashion-mnist-784-euclidean,HNSWALP0.000000,ef=250,1,0.999100,393.849365,2539.041800,52297.156250,1.147290,451.859405
fashion-mnist-784-euclidean,HNSWALP0.000000,ef=10,10,0.932130,3115.551118,320.970500,52297.156250,1.147290,3574.440380
fashion-mnist-784-euclidean,HNSWALP0.000000,ef=20,10,0.979050,2103.014924,475.507800,52297.156250,1.147290,2412.767816
fashion-mnist-784-euclidean,HNSWALP0.000000,ef=30,10,0.990690,1627.675430,614.373100,52297.156250,1.147290,1867.415608
fashion-mnist-784-euclidean,HNSWALP0.000000,ef=40,10,0.994320,1349.257450,741.148400,52297.156250,1.147290,1547.989466
fashion-mnist-784-euclidean,HNSWALP0.000000,ef=60,10,0.997440,1031.297507,969.652300,52297.156250,1.147290,1183.197231
fashion-mnist-784-euclidean,HNSWALP0.000000,ef=80,10,0.998550,850.562468,1175.692600,52297.156250,1.147290,975.841743
fashion-mnist-784-euclidean,HNSWALP0.000000,ef=100,10,0.999010,732.932351,1364.382400,52297.156250,1.147290,840.885895
fashion-mnist-784-euclidean,HNSWALP0.100000,ef=10,1,0.951300,7099.519647,140.854600,52297.156250,1.147290,8145.207299
fashion-mnist-784-euclidean,HNSWALP0.100000,ef=20,1,0.977500,5338.244518,187.327500,52297.156250,1.147290,6124.514105
fashion-mnist-784-euclidean,HNSWALP0.100000,ef=30,1,0.984900,4260.676723,234.704500,52297.156250,1.147290,4888.231440
fashion-mnist-784-euclidean,HNSWALP0.100000,ef=40,1,0.987500,3553.398879,281.420700,52297.156250,1.147290,4076.778702
fashion-mnist-784-euclidean,HNSWALP0.100000,ef=60,1,0.989300,2678.700819,373.315300,52297.156250,1.147290,3073.246438
fashion-mnist-784-euclidean,HNSWALP0.100000,ef=80,1,0.990600,2159.351037,463.102100,52297.156250,1.147290,2477.401670
fashion-mnist-784-euclidean,HNSWALP0.100000,ef=100,1,0.991300,1815.958425,550.673400,52297.156250,1.147290,2083.430789
fashion-mnist-784-euclidean,HNSWALP0.100000,ef=150,1,0.992200,1301.657413,768.251300,52297.156250,1.147290,1493.378424
fashion-mnist-784-euclidean,HNSWALP0.100000,ef=200,1,0.992200,1027.076404,973.637400,52297.156250,1.147290,1178.354402
fashion-mnist-784-euclidean,HNSWALP0.100000,ef=250,1,0.992800,850.837254,1175.312900,52297.156250,1.147290,976.157001
fashion-mnist-784-euclidean,HNSWALP0.100000,ef=300,1,0.992900,726.931519,1375.645400,52297.156250,1.147290,834.001201
fashion-mnist-784-euclidean,HNSWALP0.100000,ef=350,1,0.993100,638.603777,1565.916200,52297.156250,1.147290,732.663674
fashion-mnist-784-euclidean,HNSWALP0.100000,ef=400,1,0.993100,569.867428,1754.794100,52297.156250,1.147290,653.803153
fashion-mnist-784-euclidean,HNSWALP0.100000,ef=500,1,0.993200,471.156927,2122.435100,52297.156250,1.147290,540.553591
fashion-mnist-784-euclidean,HNSWALP0.100000,ef=10,10,0.752920,7087.830266,141.086900,52297.156250,1.147290,8131.796191
fashion-mnist-784-euclidean,HNSWALP0.100000,ef=20,10,0.802290,5303.042355,188.571000,52297.156250,1.147290,6084.127018
fashion-mnist-784-euclidean,HNSWALP0.100000,ef=30,10,0.815180,4233.963756,236.185300,52297.156250,1.147290,4857.583922
fashion-mnist-784-euclidean,HNSWALP0.100000,ef=40,10,0.820210,3531.972653,283.127900,52297.156250,1.147290,4052.196608
fashion-mnist-784-euclidean,HNSWALP0.100000,ef=60,10,0.824080,2663.176840,375.491400,52297.156250,1.147290,3055.435933
fashion-mnist-784-euclidean,HNSWALP0.100000,ef=80,10,0.825930,2146.243302,465.930400,52297.156250,1.147290,2462.363297
fashion-mnist-784-euclidean,HNSWALP0.100000,ef=100,10,0.826770,1804.766822,554.088200,52297.156250,1.147290,2070.590776
fashion-mnist-784-euclidean,HNSWALP0.100000,ef=150,10,0.827850,1301.908389,768.103200,52297.156250,1.147290,1493.666367
fashion-mnist-784-euclidean,HNSWALP0.100000,ef=200,10,0.828310,1023.768736,976.783100,52297.156250,1.147290,1174.559548
fashion-mnist-784-euclidean,HNSWALP0.100000,ef=250,10,0.828540,851.659121,1174.178700,52297.156250,1.147290,977.099922
fashion-mnist-784-euclidean,HNSWALP0.100000,ef=300,10,0.828700,728.491454,1372.699700,52297.156250,1.147290,835.790899
fashion-mnist-784-euclidean,HNSWALP0.100000,ef=350,10,0.828820,639.280773,1564.257900,52297.156250,1.147290,733.440385
fashion-mnist-784-euclidean,HNSWALP0.100000,ef=400,10,0.828870,570.904416,1751.606700,52297.156250,1.147290,654.992879
fashion-mnist-784-euclidean,HNSWALP0.100000,ef=500,10,0.828970,471.915061,2119.025400,52297.156250,1.147290,541.423390
fashion-mnist-784-euclidean,HNSWALP0.200000,ef=10,1,0.959600,6262.944724,159.669300,52297.156250,1.147290,7185.413326
fashion-mnist-784-euclidean,HNSWALP0.200000,ef=20,1,0.984000,4714.539357,212.109800,52297.156250,1.147290,5408.943462
fashion-mnist-784-euclidean,HNSWALP0.200000,ef=30,1,0.990200,3768.158757,265.381600,52297.156250,1.147290,4323.170544
fashion-mnist-784-euclidean,HNSWALP0.200000,ef=40,1,0.993000,3192.591145,313.225200,52297.156250,1.147290,3662.827627
fashion-mnist-784-euclidean,HNSWALP0.200000,ef=60,1,0.994800,2434.278734,410.799300,52297.156250,1.147290,2792.823444
fashion-mnist-784-euclidean,HNSWALP0.200000,ef=80,1,0.995800,1985.441945,503.666200,52297.156250,1.147290,2277.877523
fashion-mnist-784-euclidean,HNSWALP0.200000,ef=100,1,0.996600,1683.191398,594.109500,52297.156250,1.147290,1931.108518
fashion-mnist-784-euclidean,HNSWALP0.200000,ef=150,1,0.996900,1217.645040,821.257400,52297.156250,1.147290,1396.991876
fashion-mnist-784-euclidean,HNSWALP0.200000,ef=200,1,0.997100,964.657831,1036.637000,52297.156250,1.147290,1106.742202
fashion-mnist-784-euclidean,HNSWALP0.200000,ef=250,1,0.997400,805.997070,1240.699300,52297.156250,1.147290,924.712310
fashion-mnist-784-euclidean,HNSWALP0.200000,ef=300,1,0.997700,692.899567,1443.210600,52297.156250,1.147290,794.956686
fashion-mnist-784-euclidean,HNSWALP0.200000,ef=350,1,0.997700,610.437033,1638.170600,52297.156250,1.147290,700.348252
fashion-mnist-784-euclidean,HNSWALP0.200000,ef=400,1,0.997900,545.796055,1832.186200,52297.156250,1.147290,626.186310
fashion-mnist-784-euclidean,HNSWALP0.200000,ef=500,1,0.998000,452.259345,2211.120700,52297.156250,1.147290,518.872586
fashion-mnist-784-euclidean,HNSWALP0.200000,ef=10,10,0.853170,6123.267498,163.311500,52297.156250,1.147290,7025.163053
fashion-mnist-784-euclidean,HNSWALP0.200000,ef=20,10,0.900480,4628.586055,216.048700,52297.156250,1.147290,5310.330106
fashion-mnist-784-euclidean,HNSWALP0.200000,ef=30,10,0.912070,3728.993183,268.168900,52297.156250,1.147290,4278.236276
fashion-mnist-784-euclidean,HNSWALP0.200000,ef=40,10,0.916990,3147.374885,317.725100,52297.156250,1.147290,3610.951467
fashion-mnist-784-euclidean,HNSWALP0.200000,ef=60,10,0.920340,2405.409092,415.729700,52297.156250,1.147290,2759.701595
fashion-mnist-784-euclidean,HNSWALP0.200000,ef=80,10,0.921510,1960.309996,510.123400,52297.156250,1.147290,2249.043890
fashion-mnist-784-euclidean,HNSWALP0.200000,ef=100,10,0.922150,1661.768880,601.768400,52297.156250,1.147290,1906.530679
fashion-mnist-784-euclidean,HNSWALP0.200000,ef=150,10,0.922830,1212.296518,824.880700,52297.156250,1.147290,1390.855570
fashion-mnist-784-euclidean,HNSWALP0.200000,ef=200,10,0.923060,964.246046,1037.079700,52297.156250,1.147290,1106.269765
fashion-mnist-784-euclidean,HNSWALP0.200000,ef=250,10,0.923210,805.151812,1242.001800,52297.156250,1.147290,923.742555
fashion-mnist-784-euclidean,HNSWALP0.200000,ef=300,10,0.923380,693.388664,1442.192600,52297.156250,1.147290,795.517822
fashion-mnist-784-euclidean,HNSWALP0.200000,ef=350,10,0.923440,610.074192,1639.144900,52297.156250,1.147290,699.931968
fashion-mnist-784-euclidean,HNSWALP0.200000,ef=400,10,0.923480,546.505665,1829.807200,52297.156250,1.147290,627.000438
fashion-mnist-784-euclidean,HNSWALP0.200000,ef=500,10,0.923510,453.420765,2205.457000,52297.156250,1.147290,520.205071
fashion-mnist-784-euclidean,HNSWALP0.300000,ef=10,1,0.960800,5226.585550,191.329500,52297.156250,1.147290,5996.408897
fashion-mnist-784-euclidean,HNSWALP0.300000,ef=20,1,0.984000,3906.965768,255.953100,52297.156250,1.147290,4482.422428
fashion-mnist-784-euclidean,HNSWALP0.300000,ef=30,1,0.991600,3162.855426,316.170000,52297.156250,1.147290,3628.712136
fashion-mnist-784-euclidean,HNSWALP0.300000,ef=40,1,0.994900,2687.198295,372.134800,52297.156250,1.147290,3082.995506
fashion-mnist-784-euclidean,HNSWALP0.300000,ef=60,1,0.996600,2077.133091,481.432800,52297.156250,1.147290,2383.073850
fashion-mnist-784-euclidean,HNSWALP0.300000,ef=80,1,0.997700,1705.453221,586.354400,52297.156250,1.147290,1956.649282
fashion-mnist-784-euclidean,HNSWALP0.300000,ef=100,1,0.997900,1460.078035,684.894900,52297.156250,1.147290,1675.132806
fashion-mnist-784-euclidean,HNSWALP0.300000,ef=150,1,0.998600,1070.794049,933.886400,52297.156250,1.147290,1228.511215
fashion-mnist-784-euclidean,HNSWALP0.300000,ef=200,1,0.998900,850.877433,1175.257400,52297.156250,1.147290,976.203099
fashion-mnist-784-euclidean,HNSWALP0.300000,ef=250,1,0.998900,715.893663,1396.855500,52297.156250,1.147290,821.337580
fashion-mnist-784-euclidean,HNSWALP0.300000,ef=300,1,0.999000,623.307797,1604.343800,52297.156250,1.147290,715.114750
fashion-mnist-784-euclidean,HNSWALP0.300000,ef=350,1,0.999100,556.019307,1798.498700,52297.156250,1.147290,637.915343
fashion-mnist-784-euclidean,HNSWALP0.300000,ef=10,10,0.906200,5083.256110,196.724300,52297.156250,1.147290,5831.968476
fashion-mnist-784-euclidean,HNSWALP0.300000,ef=20,10,0.953030,3820.778002,261.726800,52297.156250,1.147290,4383.540073
fashion-mnist-784-euclidean,HNSWALP0.300000,ef=30,10,0.964760,3081.828399,324.482700,52297.156250,1.147290,3535.750646
fashion-mnist-784-euclidean,HNSWALP0.300000,ef=40,10,0.968830,2594.714877,385.398800,52297.156250,1.147290,2976.890213
fashion-mnist-784-euclidean,HNSWALP0.300000,ef=60,10,0.971920,2008.074064,497.989600,52297.156250,1.147290,2303.843124
fashion-mnist-784-euclidean,HNSWALP0.300000,ef=80,10,0.973090,1672.908567,597.761300,52297.156250,1.147290,1919.311130
fashion-mnist-784-euclidean,HNSWALP0.300000,ef=100,10,0.973500,1437.713231,695.549000,52297.156250,1.147290,1649.473892
fashion-mnist-784-euclidean,HNSWALP0.300000,ef=150,10,0.974050,1064.196029,939.676500,52297.156250,1.147290,1220.941373
fashion-mnist-784-euclidean,HNSWALP0.300000,ef=200,10,0.974280,853.451751,1171.712400,52297.156250,1.147290,979.156588
fashion-mnist-784-euclidean,HNSWALP0.300000,ef=250,10,0.974340,720.382725,1388.151000,52297.156250,1.147290,826.487836
fashion-mnist-784-euclidean,HNSWALP0.300000,ef=300,10,0.974390,622.840612,1605.547200,52297.156250,1.147290,714.578753
fashion-mnist-784-euclidean,HNSWALP0.300000,ef=350,10,0.974490,552.319149,1810.547400,52297.156250,1.147290,633.670191
fashion-mnist-784-euclidean,HNSWALP0.300000,ef=400,10,0.974520,496.667362,2013.420000,52297.156250,1.147290,569.821456
fashion-mnist-784-euclidean,HNSWALP0.300000,ef=500,10,0.974580,414.827787,2410.638900,52297.156250,1.147290,475.927737
fashion-mnist-784-euclidean,HNSWALP0.500000,ef=10,1,0.961400,3529.874386,283.296200,52297.156250,1.147290,4049.789288
fashion-mnist-784-euclidean,HNSWALP0.500000,ef=20,1,0.984700,2607.822372,383.461700,52297.156250,1.147290,2991.928310
fashion-mnist-784-euclidean,HNSWALP0.500000,ef=30,1,0.991800,2109.694404,474.002300,52297.156250,1.147290,2420.431116
fashion-mnist-784-euclidean,HNSWALP0.500000,ef=40,1,0.995000,1800.729151,555.330600,52297.156250,1.147290,2065.958397
fashion-mnist-784-euclidean,HNSWALP0.500000,ef=60,1,0.996900,1419.503639,704.471600,52297.156250,1.147290,1628.582211
fashion-mnist-784-euclidean,HNSWALP0.500000,ef=80,1,0.997900,1185.979211,843.185100,52297.156250,1.147290,1360.661990
fashion-mnist-784-euclidean,HNSWALP0.500000,ef=100,1,0.998500,1026.410149,974.269400,52297.156250,1.147290,1177.590014
fashion-mnist-784-euclidean,HNSWALP0.500000,ef=150,1,0.998700,764.684602,1307.728700,52297.156250,1.147290,877.314932
fashion-mnist-784-euclidean,HNSWALP0.500000,ef=200,1,0.998900,632.661531,1580.624000,52297.156250,1.147290,725.846195
fashion-mnist-784-euclidean,HNSWALP0.500000,ef=250,1,0.999200,541.509081,1846.691100,52297.156250,1.147290,621.267908
fashion-mnist-784-euclidean,HNSWALP0.500000,ef=10,10,0.929690,3449.437966,289.902300,52297.156250,1.147290,3957.505394
fashion-mnist-784-euclidean,HNSWALP0.500000,ef=20,10,0.976850,2523.917271,396.209500,52297.156250,1.147290,2895.664834
fashion-mnist-784-euclidean,HNSWALP0.500000,ef=30,10,0.988370,2033.934985,491.657800,52297.156250,1.147290,2333.513098
fashion-mnist-784-euclidean,HNSWALP0.500000,ef=40,10,0.992010,1711.567354,584.259800,52297.156250,1.147290,1963.663966
fashion-mnist-784-euclidean,HNSWALP0.500000,ef=60,10,0.995080,1361.265596,734.610500,52297.156250,1.147290,1561.766291
fashion-mnist-784-euclidean,HNSWALP0.500000,ef=80,10,0.996220,1138.372476,878.447100,52297.156250,1.147290,1306.043262
fashion-mnist-784-euclidean,HNSWALP0.500000,ef=100,10,0.996660,982.443151,1017.870600,52297.156250,1.147290,1127.147121
fashion-mnist-784-euclidean,HNSWALP0.500000,ef=150,10,0.997040,757.484286,1320.159400,52297.156250,1.147290,869.054082
fashion-mnist-784-euclidean,HNSWALP0.500000,ef=200,10,0.997210,624.998789,1600.003100,52297.156250,1.147290,717.054808
fashion-mnist-784-euclidean,HNSWALP0.500000,ef=250,10,0.997330,528.460309,1892.289700,52297.156250,1.147290,606.297184
fashion-mnist-784-euclidean,HNSWALP0.500000,ef=300,10,0.997360,469.181618,2131.370800,52297.156250,1.147290,538.287339
fashion-mnist-784-euclidean,HNSWALP0.500000,ef=350,10,0.997400,419.181863,2385.599400,52297.156250,1.147290,480.923124
fashion-mnist-784-euclidean,HNSWALP0.500000,ef=400,10,0.997440,380.988709,2624.749700,52297.156250,1.147290,437.104504
fashion-mnist-784-euclidean,HNSWALP0.500000,ef=500,10,0.997530,324.766576,3079.134600,52297.156250,1.147290,372.601417
fashion-mnist-784-euclidean,HNSW,ef=10,1,0.958200,17771.490619,56.269900,192444.453125,0.311778,5540.764724
fashion-mnist-784-euclidean,HNSW,ef=20,1,0.984100,11809.108129,84.680400,192444.453125,0.311778,3681.823385
fashion-mnist-784-euclidean,HNSW,ef=30,1,0.992100,9066.240674,110.299300,192444.453125,0.311778,2826.656896
fashion-mnist-784-euclidean,HNSW,ef=40,1,0.995300,7454.620001,134.145000,192444.453125,0.311778,2324.188579
fashion-mnist-784-euclidean,HNSW,ef=60,1,0.997000,5642.805874,177.216800,192444.453125,0.311778,1759.304292
fashion-mnist-784-euclidean,HNSW,ef=80,1,0.997600,4609.637461,216.936800,192444.453125,0.311778,1437.184825
fashion-mnist-784-euclidean,HNSW,ef=100,1,0.998300,3942.155957,253.668300,192444.453125,0.311778,1229.078592
fashion-mnist-784-euclidean,HNSW,ef=150,1,0.998700,2957.759935,338.093700,192444.453125,0.311778,922.165296
fashion-mnist-784-euclidean,HNSW,ef=200,1,0.998900,2406.852405,415.480400,192444.453125,0.311778,750.404296
fashion-mnist-784-euclidean,HNSW,ef=250,1,0.999100,2051.546333,487.437200,192444.453125,0.311778,639.627581
fashion-mnist-784-euclidean,HNSW,ef=10,10,0.931000,17689.597102,56.530400,192444.453125,0.311778,5515.232104
fashion-mnist-784-euclidean,HNSW,ef=20,10,0.979050,11767.862438,84.977200,192444.453125,0.311778,3668.963874
fashion-mnist-784-euclidean,HNSW,ef=30,10,0.990650,9039.907576,110.620600,192444.453125,0.311778,2818.446808
fashion-mnist-784-euclidean,HNSW,ef=40,10,0.994800,7433.225477,134.531100,192444.453125,0.311778,2317.518231
fashion-mnist-784-euclidean,HNSW,ef=60,10,0.997480,5630.912810,177.591100,192444.453125,0.311778,1755.596294
fashion-mnist-784-euclidean,HNSW,ef=80,10,0.998470,4600.861465,217.350600,192444.453125,0.311778,1434.448660
fashion-mnist-784-euclidean,HNSW,ef=100,10,0.998760,3935.636599,254.088500,192444.453125,0.311778,1227.045997
fashion-mnist-784-euclidean,HNSW,ef=150,10,0.999390,2953.660028,338.563000,192444.453125,0.311778,920.887034
fashion-mnist-784-euclidean,FaissHNSW,ef=10,1,0.961400,20782.891524,48.116500,192204.369141,0.312168,6487.747896
fashion-mnist-784-euclidean,FaissHNSW,ef=20,1,0.985500,13860.455704,72.147700,192204.369141,0.312168,4326.786878
fashion-mnist-784-euclidean,FaissHNSW,ef=30,1,0.992000,10582.738495,94.493500,192204.369141,0.312168,3303.589365
fashion-mnist-784-euclidean,FaissHNSW,ef=40,1,0.994100,8686.105012,115.126400,192204.369141,0.312168,2711.521611
fashion-mnist-784-euclidean,FaissHNSW,ef=60,1,0.997000,6516.937847,153.446300,192204.369141,0.312168,2034.377640
fashion-mnist-784-euclidean,FaissHNSW,ef=80,1,0.997700,5325.383601,187.779900,192204.369141,0.312168,1662.412865
fashion-mnist-784-euclidean,FaissHNSW,ef=100,1,0.998200,4528.975251,220.800500,192204.369141,0.312168,1413.799886
fashion-mnist-784-euclidean,FaissHNSW,ef=150,1,0.998700,3380.038708,295.854600,192204.369141,0.312168,1055.138983
fashion-mnist-784-euclidean,FaissHNSW,ef=200,1,0.999100,2744.110590,364.416800,192204.369141,0.312168,856.622751
fashion-mnist-784-euclidean,FaissHNSW,ef=10,10,0.934660,20468.063680,48.856600,192204.369141,0.312168,6389.468805
fashion-mnist-784-euclidean,FaissHNSW,ef=20,10,0.980350,13691.071915,73.040300,192204.369141,0.312168,4273.910726
fashion-mnist-784-euclidean,FaissHNSW,ef=30,10,0.991030,10471.291906,95.499200,192204.369141,0.312168,3268.799337
fashion-mnist-784-euclidean,FaissHNSW,ef=40,10,0.994770,8607.763169,116.174200,192204.369141,0.312168,2687.065817
fashion-mnist-784-euclidean,FaissHNSW,ef=60,10,0.997710,6469.384930,154.574200,192204.369141,0.312168,2019.533154
fashion-mnist-784-euclidean,FaissHNSW,ef=80,10,0.998510,5291.971286,188.965500,192204.369141,0.312168,1651.982619
fashion-mnist-784-euclidean,FaissHNSW,ef=100,10,0.998900,4509.361208,221.760900,192204.369141,0.312168,1407.677014
fashion-mnist-784-euclidean,FaissHNSW,ef=150,10,0.999350,3372.881493,296.482400,192204.369141,0.312168,1052.904731
fashion-mnist-784-euclidean,IVF,nprobe=1,1,0.582700,33989.904998,29.420500,187362.885742,0.320234,10884.729341
fashion-mnist-784-euclidean,IVF,nprobe=2,1,0.772400,23151.149223,43.194400,187362.885742,0.320234,7413.789278
fashion-mnist-784-euclidean,IVF,nprobe=4,1,0.910700,13622.604806,73.407400,187362.885742,0.320234,4362.423674
fashion-mnist-784-euclidean,IVF,nprobe=6,1,0.955300,9607.523075,104.085100,187362.885742,0.320234,3076.657270
fashion-mnist-784-euclidean,IVF,nprobe=8,1,0.973200,7464.095833,133.974700,187362.885742,0.320234,2390.258605
fashion-mnist-784-euclidean,IVF,nprobe=10,1,0.984000,6106.094615,163.770800,187362.885742,0.320234,1955.380200
fashion-mnist-784-euclidean,IVF,nprobe=15,1,0.993900,4216.544879,237.161000,187362.885742,0.320234,1350.281790
fashion-mnist-784-euclidean,IVF,nprobe=20,1,0.997200,3226.192554,309.962900,187362.885742,0.320234,1033.137126
fashion-mnist-784-euclidean,IVF,nprobe=25,1,0.998800,2621.354286,381.482200,187362.885742,0.320234,839.447239
fashion-mnist-784-euclidean,IVF,nprobe=30,1,0.999300,2210.805133,452.323900,187362.885742,0.320234,707.975368
fashion-mnist-784-euclidean,IVF,nprobe=1,10,0.479020,35431.968848,28.223100,187362.885742,0.320234,11346.527475
fashion-mnist-784-euclidean,IVF,nprobe=2,10,0.681750,22670.185079,44.110800,187362.885742,0.320234,7259.768120
fashion-mnist-784-euclidean,IVF,nprobe=4,10,0.852770,13388.009966,74.693700,187362.885742,0.320234,4287.298388
fashion-mnist-784-euclidean,IVF,nprobe=6,10,0.920230,9529.400105,104.938400,187362.885742,0.320234,3051.639625
fashion-mnist-784-euclidean,IVF,nprobe=8,10,0.952120,7410.552775,134.942700,187362.885742,0.320234,2373.112288
fashion-mnist-784-euclidean,IVF,nprobe=10,10,0.969200,6073.895007,164.639000,187362.885742,0.320234,1945.068784
fashion-mnist-784-euclidean,IVF,nprobe=15,10,0.987320,4202.123837,237.974900,187362.885742,0.320234,1345.663680
fashion-mnist-784-euclidean,IVF,nprobe=20,10,0.993800,3089.941714,323.630700,187362.885742,0.320234,989.504950
fashion-mnist-784-euclidean,IVF,nprobe=25,10,0.996670,2615.023098,382.405800,187362.885742,0.320234,837.419777
fashion-mnist-784-euclidean,IVF,nprobe=30,10,0.998170,2208.883023,452.717500,187362.885742,0.320234,707.359843
fashion-mnist-784-euclidean,IVF,nprobe=40,10,0.999210,1689.829155,591.775800,187362.885742,0.320234,541.141053
fashion-mnist-784-euclidean,NSG,1,1,0.421200,38257.156958,26.138900,186488.535156,0.321736,12308.689194
fashion-mnist-784-euclidean,NSG,2,1,0.678900,27040.620420,36.981400,186488.535156,0.321736,8699.930126
fashion-mnist-784-euclidean,NSG,4,1,0.864400,21079.657919,47.439100,186488.535156,0.321736,6782.076304
fashion-mnist-784-euclidean,NSG,6,1,0.920800,18453.691384,54.189700,186488.535156,0.321736,5937.209395
fashion-mnist-784-euclidean,NSG,8,1,0.943600,16917.868822,59.109100,186488.535156,0.321736,5443.080608
fashion-mnist-784-euclidean,NSG,10,1,0.959900,15467.210288,64.652900,186488.535156,0.321736,4976.352120
fashion-mnist-784-euclidean,NSG,15,1,0.977300,12820.808685,77.998200,186488.535156,0.321736,4124.910523
fashion-mnist-784-euclidean,NSG,20,1,0.983800,11002.540487,90.888100,186488.535156,0.321736,3539.908921
fashion-mnist-784-euclidean,NSG,25,1,0.987700,9849.577256,101.527200,186488.535156,0.321736,3168.959609
fashion-mnist-784-euclidean,NSG,30,1,0.991300,8821.998536,113.353000,186488.535156,0.321736,2838.350956
fashion-mnist-784-euclidean,NSG,40,1,0.994500,7657.524858,130.590500,186488.535156,0.321736,2463.698324
fashion-mnist-784-euclidean,NSG,50,1,0.995600,6768.450627,147.744300,186488.535156,0.321736,2177.651496
fashion-mnist-784-euclidean,NSG,60,1,0.997400,6029.541134,165.850100,186488.535156,0.321736,1939.918010
fashion-mnist-784-euclidean,NSG,80,1,0.997800,4922.977555,203.129100,186488.535156,0.321736,1583.897117
fashion-mnist-784-euclidean,NSG,100,1,0.998700,4211.189467,237.462600,186488.535156,0.321736,1354.889553
fashion-mnist-784-euclidean,NSG,10,10,0.935050,15437.887973,64.775700,186488.535156,0.321736,4966.918088
fashion-mnist-784-euclidean,NSG,15,10,0.968280,12806.163350,78.087400,186488.535156,0.321736,4120.198598
fashion-mnist-784-euclidean,NSG,20,10,0.981440,10993.118308,90.966000,186488.535156,0.321736,3536.877470
fashion-mnist-784-euclidean,NSG,25,10,0.987340,9843.130037,101.593700,186488.535156,0.321736,3166.885309
fashion-mnist-784-euclidean,NSG,30,10,0.990940,8810.549399,113.500300,186488.535156,0.321736,2834.667362
fashion-mnist-784-euclidean,NSG,40,10,0.994920,7653.633295,130.656900,186488.535156,0.321736,2462.446269
fashion-mnist-784-euclidean,NSG,50,10,0.996230,6757.491862,147.983900,186488.535156,0.321736,2174.125672
fashion-mnist-784-euclidean,NSG,60,10,0.997340,6026.539675,165.932700,186488.535156,0.321736,1938.952334
fashion-mnist-784-euclidean,NSG,80,10,0.998180,4923.767766,203.096500,186488.535156,0.321736,1584.151356
fashion-mnist-784-euclidean,NSG,100,10,0.998890,4216.866708,237.142900,186488.535156,0.321736,1356.716123
fashion-mnist-784-euclidean,HNSWPQ_2,ef=10,1,0.915900,2363.614146,423.080900,32207.159180,1.862940,4403.270961
fashion-mnist-784-euclidean,HNSWPQ_2,ef=20,1,0.937800,2121.093211,471.455000,32207.159180,1.862940,3951.469050
fashion-mnist-784-euclidean,HNSWPQ_2,ef=30,1,0.943400,1938.082151,515.974000,32207.159180,1.862940,3610.530455
fashion-mnist-784-euclidean,HNSWPQ_2,ef=40,1,0.946000,1796.530038,556.628600,32207.159180,1.862940,3346.827384
fashion-mnist-784-euclidean,HNSWPQ_2,ef=60,1,0.947600,1587.235327,630.026300,32207.159180,1.862940,2956.923927
fashion-mnist-784-euclidean,HNSWPQ_2,ef=80,1,0.947800,1435.603837,696.571000,32207.159180,1.862940,2674.443583
fashion-mnist-784-euclidean,HNSWPQ_2,ef=100,1,0.948300,1321.621302,756.646400,32207.159180,1.862940,2462.100977
fashion-mnist-784-euclidean,HNSWPQ_2,ef=150,1,0.948900,1118.247768,894.256200,32207.159180,1.862940,2083.228320
fashion-mnist-784-euclidean,HNSWPQ_2,ef=200,1,0.949200,982.997196,1017.296900,32207.159180,1.862940,1831.264640
fashion-mnist-784-euclidean,HNSWPQ_2,ef=250,1,0.949300,883.269567,1132.157200,32207.159180,1.862940,1645.478067
fashion-mnist-784-euclidean,HNSWPQ_2,ef=300,1,0.949400,807.256135,1238.764200,32207.159180,1.862940,1503.869615
fashion-mnist-784-euclidean,HNSWPQ_2,ef=350,1,0.949400,745.411823,1341.540300,32207.159180,1.862940,1388.657382
fashion-mnist-784-euclidean,HNSWPQ_2,ef=400,1,0.949500,694.367341,1440.159900,32207.159180,1.862940,1293.564583
fashion-mnist-784-euclidean,HNSWPQ_2,ef=500,1,0.949600,612.748815,1631.990100,32207.159180,1.862940,1141.514180
fashion-mnist-784-euclidean,HNSWPQ_2,ef=10,10,0.913090,2365.317631,422.776200,32207.159180,1.862940,4406.444452
fashion-mnist-784-euclidean,HNSWPQ_2,ef=20,10,0.950070,2116.860433,472.397700,32207.159180,1.862940,3943.583639
fashion-mnist-784-euclidean,HNSWPQ_2,ef=30,10,0.958140,1934.087834,517.039600,32207.159180,1.862940,3603.089282
fashion-mnist-784-euclidean,HNSWPQ_2,ef=40,10,0.961270,1793.211511,557.658700,32207.159180,1.862940,3340.645167
fashion-mnist-784-euclidean,HNSWPQ_2,ef=60,10,0.963300,1584.898077,630.955400,32207.159180,1.862940,2952.569771
fashion-mnist-784-euclidean,HNSWPQ_2,ef=80,10,0.963870,1433.644276,697.523100,32207.159180,1.862940,2670.793040
fashion-mnist-784-euclidean,HNSWPQ_2,ef=100,10,0.964170,1320.022229,757.563000,32207.159180,1.862940,2459.122002
fashion-mnist-784-euclidean,HNSWPQ_2,ef=150,10,0.964410,1117.411949,894.925100,32207.159180,1.862940,2081.671238
fashion-mnist-784-euclidean,HNSWPQ_2,ef=200,10,0.964500,982.472205,1017.840500,32207.159180,1.862940,1830.286613
fashion-mnist-784-euclidean,HNSWPQ_2,ef=250,10,0.964550,882.827669,1132.723900,32207.159180,1.862940,1644.654837
fashion-mnist-784-euclidean,HNSWPQ_2,ef=300,10,0.964600,806.844559,1239.396100,32207.159180,1.862940,1503.102875
fashion-mnist-784-euclidean,HNSWPQ_2,ef=350,10,0.964610,744.907644,1342.448300,32207.159180,1.862940,1387.718127
fashion-mnist-784-euclidean,HNSWPQ_2,ef=400,10,0.964720,693.989207,1440.944600,32207.159180,1.862940,1292.860143
fashion-mnist-784-euclidean,HNSWPQ_2,ef=500,10,0.964770,612.614955,1632.346700,32207.159180,1.862940,1141.264807
fashion-mnist-784-euclidean,HNSWSQ_8,ef=10,1,0.940500,20490.039792,48.804200,54398.029297,1.102981,22600.127310
fashion-mnist-784-euclidean,HNSWSQ_8,ef=20,1,0.963300,14357.687321,69.649100,54398.029297,1.102981,15836.258232
fashion-mnist-784-euclidean,HNSWSQ_8,ef=30,1,0.968700,11205.461094,89.242200,54398.029297,1.102981,12359.412175
fashion-mnist-784-euclidean,HNSWSQ_8,ef=40,1,0.970900,9325.696210,107.230600,54398.029297,1.102981,10286.066974
fashion-mnist-784-euclidean,HNSWSQ_8,ef=60,1,0.974000,7135.797800,140.138500,54398.029297,1.102981,7870.650344
fashion-mnist-784-euclidean,HNSWSQ_8,ef=80,1,0.974500,5865.429452,170.490500,54398.029297,1.102981,6469.458024
fashion-mnist-784-euclidean,HNSWSQ_8,ef=100,1,0.975000,5038.126019,198.486500,54398.029297,1.102981,5556.957945
fashion-mnist-784-euclidean,HNSWSQ_8,ef=150,1,0.975700,3803.821700,262.893500,54398.029297,1.102981,4195.543569
fashion-mnist-784-euclidean,HNSWSQ_8,ef=200,1,0.976000,3102.525114,322.318100,54398.029297,1.102981,3422.026666
fashion-mnist-784-euclidean,HNSWSQ_8,ef=250,1,0.976100,2641.513122,378.570900,54398.029297,1.102981,2913.539137
fashion-mnist-784-euclidean,HNSWSQ_8,ef=300,1,0.976200,2314.523356,432.054400,54398.029297,1.102981,2552.875594
fashion-mnist-784-euclidean,HNSWSQ_8,ef=350,1,0.976200,2063.124172,484.701800,54398.029297,1.102981,2275.587038
fashion-mnist-784-euclidean,HNSWSQ_8,ef=400,1,0.976300,1867.208257,535.558900,54398.029297,1.102981,2059.495479
fashion-mnist-784-euclidean,HNSWSQ_8,ef=500,1,0.976300,1567.115891,638.114900,54398.029297,1.102981,1728.499261
fashion-mnist-784-euclidean,HNSWSQ_8,ef=10,10,0.922600,20358.057516,49.120600,54398.029297,1.102981,22454.553349
fashion-mnist-784-euclidean,HNSWSQ_8,ef=20,10,0.965030,14132.278123,70.760000,54398.029297,1.102981,15587.636140
fashion-mnist-784-euclidean,HNSWSQ_8,ef=30,10,0.974540,11021.761366,90.729600,54398.029297,1.102981,12156.794841
fashion-mnist-784-euclidean,HNSWSQ_8,ef=40,10,0.977760,9200.173699,108.693600,54398.029297,1.102981,10147.618013
fashion-mnist-784-euclidean,HNSWSQ_8,ef=60,10,0.980130,7058.024727,141.682700,54398.029297,1.102981,7784.868112
fashion-mnist-784-euclidean,HNSWSQ_8,ef=80,10,0.980690,5808.982080,172.147200,54398.029297,1.102981,6407.197638
fashion-mnist-784-euclidean,HNSWSQ_8,ef=100,10,0.981100,4995.516524,200.179500,54398.029297,1.102981,5509.960477
fashion-mnist-784-euclidean,HNSWSQ_8,ef=150,10,0.981530,3777.611983,264.717500,54398.029297,1.102981,4166.634746
fashion-mnist-784-euclidean,HNSWSQ_8,ef=200,10,0.981600,3083.238498,324.334300,54398.029297,1.102981,3400.753893
fashion-mnist-784-euclidean,HNSWSQ_8,ef=250,10,0.981690,2628.520180,380.442200,54398.029297,1.102981,2899.208167
fashion-mnist-784-euclidean,HNSWSQ_8,ef=300,10,0.981750,2303.229888,434.172900,54398.029297,1.102981,2540.419112
fashion-mnist-784-euclidean,HNSWSQ_8,ef=350,10,0.981770,2052.578860,487.192000,54398.029297,1.102981,2263.955757
fashion-mnist-784-euclidean,HNSWSQ_8,ef=400,10,0.981880,1859.029772,537.915000,54398.029297,1.102981,2050.474765
fashion-mnist-784-euclidean,HNSWSQ_8,ef=500,10,0.981910,1560.097693,640.985500,54398.029297,1.102981,1720.758322
fashion-mnist-784-euclidean,HNSWPQ_1,ef=10,1,0.958300,839.060199,1191.809600,55175.909180,1.087431,912.420161
fashion-mnist-784-euclidean,HNSWPQ_1,ef=20,1,0.981200,776.469918,1287.879900,55175.909180,1.087431,844.357542
fashion-mnist-784-euclidean,HNSWPQ_1,ef=30,1,0.987500,727.291346,1374.964800,55175.909180,1.087431,790.879233
fashion-mnist-784-euclidean,HNSWPQ_1,ef=40,1,0.989700,688.355510,1452.737700,55175.909180,1.087431,748.539194
fashion-mnist-784-euclidean,HNSWPQ_1,ef=60,1,0.992900,627.725112,1593.054000,55175.909180,1.087431,682.607813
fashion-mnist-784-euclidean,HNSWPQ_1,ef=80,1,0.993800,581.789647,1718.834300,55175.909180,1.087431,632.656159
fashion-mnist-784-euclidean,HNSWPQ_1,ef=100,1,0.994200,544.978878,1834.933500,55175.909180,1.087431,592.626985
fashion-mnist-784-euclidean,HNSWPQ_1,ef=150,1,0.994800,476.848982,2097.100000,55175.909180,1.087431,518.540416
fashion-mnist-784-euclidean,HNSWPQ_1,ef=200,1,0.995200,429.391247,2328.878400,55175.909180,1.087431,466.933399
fashion-mnist-784-euclidean,HNSWPQ_1,ef=250,1,0.995300,393.049378,2544.209600,55175.909180,1.087431,427.414120
fashion-mnist-784-euclidean,HNSWPQ_1,ef=300,1,0.995300,364.333751,2744.736100,55175.909180,1.087431,396.187855
fashion-mnist-784-euclidean,HNSWPQ_1,ef=350,1,0.995500,340.748683,2934.714200,55175.909180,1.087431,370.540718
fashion-mnist-784-euclidean,HNSWPQ_1,ef=400,1,0.995500,320.820510,3117.007700,55175.909180,1.087431,348.870202
fashion-mnist-784-euclidean,HNSWPQ_1,ef=500,1,0.995600,288.422482,3467.136100,55175.909180,1.087431,313.639579
fashion-mnist-784-euclidean,HNSWPQ_1,ef=10,10,0.932310,841.486638,1188.373000,55175.909180,1.087431,915.058746
fashion-mnist-784-euclidean,HNSWPQ_1,ef=20,10,0.977410,777.538408,1286.110100,55175.909180,1.087431,845.519452
fashion-mnist-784-euclidean,HNSWPQ_1,ef=30,10,0.988100,728.379546,1372.910600,55175.909180,1.087431,792.062576
fashion-mnist-784-euclidean,HNSWPQ_1,ef=40,10,0.991750,689.029771,1451.316100,55175.909180,1.087431,749.272407
fashion-mnist-784-euclidean,HNSWPQ_1,ef=60,10,0.994710,628.010289,1592.330600,55175.909180,1.087431,682.917924
fashion-mnist-784-euclidean,HNSWPQ_1,ef=80,10,0.995510,582.008251,1718.188700,55175.909180,1.087431,632.893877
fashion-mnist-784-euclidean,HNSWPQ_1,ef=100,10,0.995900,545.283178,1833.909500,55175.909180,1.087431,592.957890
fashion-mnist-784-euclidean,HNSWPQ_1,ef=150,10,0.996330,477.027842,2096.313700,55175.909180,1.087431,518.734914
fashion-mnist-784-euclidean,HNSWPQ_1,ef=200,10,0.996460,429.525202,2328.152100,55175.909180,1.087431,467.079065
fashion-mnist-784-euclidean,HNSWPQ_1,ef=250,10,0.996510,393.208843,2543.177800,55175.909180,1.087431,427.587527
fashion-mnist-784-euclidean,HNSWPQ_1,ef=300,10,0.996560,364.410252,2744.159900,55175.909180,1.087431,396.271043
fashion-mnist-784-euclidean,HNSWPQ_1,ef=350,10,0.996640,340.765752,2934.567200,55175.909180,1.087431,370.559279
fashion-mnist-784-euclidean,HNSWPQ_1,ef=400,10,0.996660,320.638116,3118.780800,55175.909180,1.087431,348.671861
fashion-mnist-784-euclidean,HNSWPQ_1,ef=500,10,0.996810,288.196149,3469.859000,55175.909180,1.087431,313.393457
fashion-mnist-784-euclidean,HNSWSQ_4,ef=10,1,0.864900,4062.122857,246.176700,31429.279297,1.909048,7754.787157
fashion-mnist-784-euclidean,HNSWSQ_4,ef=20,1,0.891700,2951.938021,338.760500,31429.279297,1.909048,5635.391114
fashion-mnist-784-euclidean,HNSWSQ_4,ef=30,1,0.897600,2360.985749,423.551900,31429.279297,1.909048,4507.234914
fashion-mnist-784-euclidean,HNSWSQ_4,ef=40,1,0.900500,1995.973323,501.008700,31429.279297,1.909048,3810.408704
fashion-mnist-784-euclidean,HNSWSQ_4,ef=60,1,0.903500,1557.701792,641.971400,31429.279297,1.909048,2973.727352
fashion-mnist-784-euclidean,HNSWSQ_4,ef=80,1,0.904300,1300.662597,768.838900,31429.279297,1.909048,2483.027213
fashion-mnist-784-euclidean,HNSWSQ_4,ef=100,1,0.905100,1128.198047,886.369200,31429.279297,1.909048,2153.784125
fashion-mnist-784-euclidean,HNSWSQ_4,ef=150,1,0.905600,868.846417,1150.951400,31429.279297,1.909048,1658.669438
fashion-mnist-784-euclidean,HNSWSQ_4,ef=200,1,0.905900,721.136979,1386.699100,31429.279297,1.909048,1376.685044
fashion-mnist-784-euclidean,HNSWSQ_4,ef=250,1,0.906100,623.357026,1604.217100,31429.279297,1.909048,1190.018428
fashion-mnist-784-euclidean,HNSWSQ_4,ef=300,1,0.906100,553.058680,1808.126400,31429.279297,1.909048,1055.815518
fashion-mnist-784-euclidean,HNSWSQ_4,ef=350,1,0.906200,499.161085,2003.361300,31429.279297,1.909048,952.922427
fashion-mnist-784-euclidean,HNSWSQ_4,ef=400,1,0.906200,456.958048,2188.384700,31429.279297,1.909048,872.354806
fashion-mnist-784-euclidean,HNSWSQ_4,ef=500,1,0.906300,393.249371,2542.915700,31429.279297,1.909048,750.731891
fashion-mnist-784-euclidean,HNSWSQ_4,ef=10,10,0.873200,4048.945270,246.977900,31429.279297,1.909048,7729.630511
fashion-mnist-784-euclidean,HNSWSQ_4,ef=20,10,0.913070,2941.834057,339.924000,31429.279297,1.909048,5616.102162
fashion-mnist-784-euclidean,HNSWSQ_4,ef=30,10,0.921930,2353.951991,424.817500,31429.279297,1.909048,4493.807132
fashion-mnist-784-euclidean,HNSWSQ_4,ef=40,10,0.924950,1990.119455,502.482400,31429.279297,1.909048,3799.233389
fashion-mnist-784-euclidean,HNSWSQ_4,ef=60,10,0.927220,1554.067967,643.472500,31429.279297,1.909048,2966.790207
fashion-mnist-784-euclidean,HNSWSQ_4,ef=80,10,0.927940,1297.676808,770.607900,31429.279297,1.909048,2477.327200
fashion-mnist-784-euclidean,HNSWSQ_4,ef=100,10,0.928270,1126.217441,887.928000,31429.279297,1.909048,2150.003054
fashion-mnist-784-euclidean,HNSWSQ_4,ef=150,10,0.928630,867.673839,1152.506800,31429.279297,1.909048,1656.430931
fashion-mnist-784-euclidean,HNSWSQ_4,ef=200,10,0.928690,720.478069,1387.967300,31429.279297,1.909048,1375.427153
fashion-mnist-784-euclidean,HNSWSQ_4,ef=250,10,0.928780,622.532476,1606.341900,31429.279297,1.909048,1188.444323
fashion-mnist-784-euclidean,HNSWSQ_4,ef=300,10,0.928820,552.543823,1809.811200,31429.279297,1.909048,1054.832632
fashion-mnist-784-euclidean,HNSWSQ_4,ef=350,10,0.928830,498.858437,2004.576700,31429.279297,1.909048,952.344658
fashion-mnist-784-euclidean,HNSWSQ_4,ef=400,10,0.928850,456.562652,2190.279900,31429.279297,1.909048,871.599977
fashion-mnist-784-euclidean,HNSWSQ_4,ef=500,10,0.928950,392.855390,2545.465900,31429.279297,1.909048,749.979763
gist-960-euclidean,HNSWALP0.000000,ef=10,1,0.444000,694.060783,1440.796000,1484632.289062,0.673567,467.496759
gist-960-euclidean,HNSWALP0.000000,ef=20,1,0.581000,434.870906,2299.533000,1484632.289062,0.673567,292.914892
gist-960-euclidean,HNSWALP0.000000,ef=30,1,0.668000,326.110954,3066.441000,1484632.289062,0.673567,219.657727
gist-960-euclidean,HNSWALP0.000000,ef=40,1,0.722000,264.061123,3787.002000,1484632.289062,0.673567,177.862980
gist-960-euclidean,HNSWALP0.000000,ef=60,1,0.791000,192.994195,5181.503000,1484632.289062,0.673567,129.994610
gist-960-euclidean,HNSWALP0.000000,ef=80,1,0.834000,153.177921,6528.356000,1484632.289062,0.673567,103.175663
gist-960-euclidean,HNSWALP0.000000,ef=100,1,0.868000,127.481637,7844.267000,1484632.289062,0.673567,85.867483
gist-960-euclidean,HNSWALP0.000000,ef=150,1,0.908000,82.202041,12165.148000,1484632.289062,0.673567,55.368620
gist-960-euclidean,HNSWALP0.000000,ef=200,1,0.921000,66.041217,15142.059000,1484632.289062,0.673567,44.483215
gist-960-euclidean,HNSWALP0.000000,ef=250,1,0.938000,57.159420,17494.929000,1484632.289062,0.673567,38.500726
gist-960-euclidean,HNSWALP0.000000,ef=300,1,0.945000,46.243328,21624.741000,1484632.289062,0.673567,31.148001
gist-960-euclidean,HNSWALP0.000000,ef=350,1,0.962000,40.459245,24716.230000,1484632.289062,0.673567,27.252031
gist-960-euclidean,HNSWALP0.000000,ef=400,1,0.964000,36.382943,27485.407000,1484632.289062,0.673567,24.506367
gist-960-euclidean,HNSWALP0.000000,ef=500,1,0.969000,31.735681,31510.274000,1484632.289062,0.673567,21.376122
gist-960-euclidean,HNSWALP0.000000,ef=10,10,0.398200,701.170815,1426.186000,1484632.289062,0.673567,472.285845
gist-960-euclidean,HNSWALP0.000000,ef=20,10,0.532100,440.436667,2270.474000,1484632.289062,0.673567,296.663807
gist-960-euclidean,HNSWALP0.000000,ef=30,10,0.621900,329.106184,3038.533000,1484632.289062,0.673567,221.675216
gist-960-euclidean,HNSWALP0.000000,ef=40,10,0.675300,266.170737,3756.987000,1484632.289062,0.673567,179.283947
gist-960-euclidean,HNSWALP0.000000,ef=60,10,0.751100,194.443467,5142.883000,1484632.289062,0.673567,130.970792
gist-960-euclidean,HNSWALP0.000000,ef=80,10,0.798100,154.223575,6484.093000,1484632.289062,0.673567,103.879981
gist-960-euclidean,HNSWALP0.000000,ef=100,10,0.831300,128.308696,7793.704000,1484632.289062,0.673567,86.424563
gist-960-euclidean,HNSWALP0.000000,ef=150,10,0.879600,91.415266,10939.092000,1484632.289062,0.673567,61.574348
gist-960-euclidean,HNSWALP0.000000,ef=200,10,0.903600,71.659571,13954.870000,1484632.289062,0.673567,48.267555
gist-960-euclidean,HNSWALP0.000000,ef=250,10,0.922600,59.332765,16854.094000,1484632.289062,0.673567,39.964620
gist-960-euclidean,HNSWALP0.000000,ef=300,10,0.935700,50.894753,19648.391000,1484632.289062,0.673567,34.281049
gist-960-euclidean,HNSWALP0.000000,ef=350,10,0.946400,44.737191,22352.767000,1484632.289062,0.673567,30.133516
gist-960-euclidean,HNSWALP0.000000,ef=400,10,0.954200,40.014842,24990.727000,1484632.289062,0.673567,26.952696
gist-960-euclidean,HNSWALP0.000000,ef=500,10,0.964400,33.264754,30061.849000,1484632.289062,0.673567,22.406056
gist-960-euclidean,HNSWALP0.100000,ef=10,1,0.425000,2815.584825,355.166000,1484632.289062,0.673567,1896.486319
gist-960-euclidean,HNSWALP0.100000,ef=20,1,0.570000,1958.625985,510.562000,1484632.289062,0.673567,1319.266730
gist-960-euclidean,HNSWALP0.100000,ef=30,1,0.654000,1545.475620,647.050000,1484632.289062,0.673567,1040.982088
gist-960-euclidean,HNSWALP0.100000,ef=40,1,0.707000,1271.984665,786.173000,1484632.289062,0.673567,856.767480
gist-960-euclidean,HNSWALP0.100000,ef=60,1,0.778000,941.546886,1062.082000,1484632.289062,0.673567,634.195345
gist-960-euclidean,HNSWALP0.100000,ef=80,1,0.819000,762.463611,1311.538000,1484632.289062,0.673567,513.570678
gist-960-euclidean,HNSWALP0.100000,ef=100,1,0.846000,638.378417,1566.469000,1484632.289062,0.673567,429.990929
gist-960-euclidean,HNSWALP0.100000,ef=150,1,0.890000,450.895659,2217.808000,1484632.289062,0.673567,303.708644
gist-960-euclidean,HNSWALP0.100000,ef=200,1,0.915000,352.136482,2839.808000,1484632.289062,0.673567,237.187676
gist-960-euclidean,HNSWALP0.100000,ef=250,1,0.927000,290.739257,3439.508000,1484632.289062,0.673567,195.832503
gist-960-euclidean,HNSWALP0.100000,ef=300,1,0.937000,246.507786,4056.667000,1484632.289062,0.673567,166.039623
gist-960-euclidean,HNSWALP0.100000,ef=350,1,0.943000,214.829094,4654.863000,1484632.289062,0.673567,144.701887
gist-960-euclidean,HNSWALP0.100000,ef=400,1,0.950000,190.652608,5245.142000,1484632.289062,0.673567,128.417393
gist-960-euclidean,HNSWALP0.100000,ef=500,1,0.952000,153.606268,6510.151000,1484632.289062,0.673567,103.464184
gist-960-euclidean,HNSWALP0.100000,ef=10,10,0.341400,3233.065204,309.304000,1484632.289062,0.673567,2177.687518
gist-960-euclidean,HNSWALP0.100000,ef=20,10,0.477800,2235.136343,447.400000,1484632.289062,0.673567,1505.515110
gist-960-euclidean,HNSWALP0.100000,ef=30,10,0.553800,1752.746993,570.533000,1484632.289062,0.673567,1180.593340
gist-960-euclidean,HNSWALP0.100000,ef=40,10,0.605000,1440.538185,694.185000,1484632.289062,0.673567,970.299646
gist-960-euclidean,HNSWALP0.100000,ef=60,10,0.678600,1075.147430,930.105000,1484632.289062,0.673567,724.184323
gist-960-euclidean,HNSWALP0.100000,ef=80,10,0.722300,861.586180,1160.650000,1484632.289062,0.673567,580.336415
gist-960-euclidean,HNSWALP0.100000,ef=100,10,0.756300,718.370162,1392.040000,1484632.289062,0.673567,483.870765
gist-960-euclidean,HNSWALP0.100000,ef=150,10,0.811000,509.278027,1963.564000,1484632.289062,0.673567,343.033107
gist-960-euclidean,HNSWALP0.100000,ef=200,10,0.841000,394.897295,2532.304000,1484632.289062,0.673567,265.989968
gist-960-euclidean,HNSWALP0.100000,ef=250,10,0.859100,323.484000,3091.343000,1484632.289062,0.673567,217.888296
gist-960-euclidean,HNSWALP0.100000,ef=300,10,0.875900,274.062330,3648.805000,1484632.289062,0.673567,184.599468
gist-960-euclidean,HNSWALP0.100000,ef=350,10,0.886700,238.165043,4198.769000,1484632.289062,0.673567,160.420223
gist-960-euclidean,HNSWALP0.100000,ef=400,10,0.895300,210.875704,4742.130000,1484632.289062,0.673567,142.039012
gist-960-euclidean,HNSWALP0.100000,ef=500,10,0.905900,171.574733,5828.364000,1484632.289062,0.673567,115.567157
gist-960-euclidean,HNSWALP0.200000,ef=10,1,0.446000,2022.776463,494.370000,1484632.289062,0.673567,1362.476404
gist-960-euclidean,HNSWALP0.200000,ef=20,1,0.586000,1360.801567,734.861000,1484632.289062,0.673567,916.591655
gist-960-euclidean,HNSWALP0.200000,ef=30,1,0.673000,1057.736550,945.415000,1484632.289062,0.673567,712.456921
gist-960-euclidean,HNSWALP0.200000,ef=40,1,0.723000,869.414771,1150.199000,1484632.289062,0.673567,585.609499
gist-960-euclidean,HNSWALP0.200000,ef=60,1,0.789000,650.719273,1536.761000,1484632.289062,0.673567,438.303328
gist-960-euclidean,HNSWALP0.200000,ef=80,1,0.836000,520.401833,1921.592000,1484632.289062,0.673567,350.525741
gist-960-euclidean,HNSWALP0.200000,ef=100,1,0.863000,442.748423,2258.619000,1484632.289062,0.673567,298.220931
gist-960-euclidean,HNSWALP0.200000,ef=150,1,0.897000,314.274373,3181.933000,1484632.289062,0.673567,211.684991
gist-960-euclidean,HNSWALP0.200000,ef=200,1,0.919000,247.963476,4032.852000,1484632.289062,0.673567,167.020129
gist-960-euclidean,HNSWALP0.200000,ef=250,1,0.935000,204.660865,4886.132000,1484632.289062,0.673567,137.852899
gist-960-euclidean,HNSWALP0.200000,ef=300,1,0.947000,176.219030,5674.756000,1484632.289062,0.673567,118.695405
gist-960-euclidean,HNSWALP0.200000,ef=350,1,0.953000,155.103158,6447.322000,1484632.289062,0.673567,104.472440
gist-960-euclidean,HNSWALP0.200000,ef=400,1,0.959000,138.544721,7217.886000,1484632.289062,0.673567,93.319216
gist-960-euclidean,HNSWALP0.200000,ef=500,1,0.967000,115.068694,8690.461000,1484632.289062,0.673567,77.506528
gist-960-euclidean,HNSWALP0.200000,ef=10,10,0.383600,2134.407937,468.514000,1484632.289062,0.673567,1437.667732
gist-960-euclidean,HNSWALP0.200000,ef=20,10,0.516800,1422.359780,703.057000,1484632.289062,0.673567,958.055264
gist-960-euclidean,HNSWALP0.200000,ef=30,10,0.601400,1097.443067,911.209000,1484632.289062,0.673567,739.201939
gist-960-euclidean,HNSWALP0.200000,ef=40,10,0.656400,906.293757,1103.395000,1484632.289062,0.673567,610.449984
gist-960-euclidean,HNSWALP0.200000,ef=60,10,0.732400,669.731357,1493.136000,1484632.289062,0.673567,451.109249
gist-960-euclidean,HNSWALP0.200000,ef=80,10,0.779100,540.612135,1849.755000,1484632.289062,0.673567,364.138743
gist-960-euclidean,HNSWALP0.200000,ef=100,10,0.808700,455.789345,2193.996000,1484632.289062,0.673567,307.004871
gist-960-euclidean,HNSWALP0.200000,ef=150,10,0.857200,326.957018,3058.506000,1484632.289062,0.673567,220.227608
gist-960-euclidean,HNSWALP0.200000,ef=200,10,0.885900,257.181603,3888.303000,1484632.289062,0.673567,173.229159
gist-960-euclidean,HNSWALP0.200000,ef=250,10,0.905600,213.238030,4689.595000,1484632.289062,0.673567,143.630198
gist-960-euclidean,HNSWALP0.200000,ef=300,10,0.917800,183.918937,5437.178000,1484632.289062,0.673567,123.881811
gist-960-euclidean,HNSWALP0.200000,ef=350,10,0.926900,160.653280,6224.585000,1484632.289062,0.673567,108.210822
gist-960-euclidean,HNSWALP0.200000,ef=400,10,0.934300,143.744540,6956.786000,1484632.289062,0.673567,96.821644
gist-960-euclidean,HNSWALP0.200000,ef=500,10,0.946200,119.163264,8391.848000,1484632.289062,0.673567,80.264497
gist-960-euclidean,HNSWALP0.300000,ef=10,1,0.448000,1548.874742,645.630000,1484632.289062,0.673567,1043.271626
gist-960-euclidean,HNSWALP0.300000,ef=20,1,0.586000,1013.490573,986.689000,1484632.289062,0.673567,682.654271
gist-960-euclidean,HNSWALP0.300000,ef=30,1,0.672000,781.734309,1279.207000,1484632.289062,0.673567,526.550793
gist-960-euclidean,HNSWALP0.300000,ef=40,1,0.726000,642.400213,1556.662000,1484632.289062,0.673567,432.699880
gist-960-euclidean,HNSWALP0.300000,ef=60,1,0.793000,478.015585,2091.982000,1484632.289062,0.673567,321.975744
gist-960-euclidean,HNSWALP0.300000,ef=80,1,0.834000,385.188575,2596.131000,1484632.289062,0.673567,259.450490
gist-960-euclidean,HNSWALP0.300000,ef=100,1,0.866000,322.523423,3100.550000,1484632.289062,0.673567,217.241283
gist-960-euclidean,HNSWALP0.300000,ef=150,1,0.907000,234.521246,4264.006000,1484632.289062,0.673567,157.965880
gist-960-euclidean,HNSWALP0.300000,ef=200,1,0.925000,183.488494,5449.933000,1484632.289062,0.673567,123.591879
gist-960-euclidean,HNSWALP0.300000,ef=250,1,0.940000,152.068890,6575.967000,1484632.289062,0.673567,102.428656
gist-960-euclidean,HNSWALP0.300000,ef=300,1,0.950000,130.924377,7637.997000,1484632.289062,0.673567,88.186400
gist-960-euclidean,HNSWALP0.300000,ef=350,1,0.957000,115.119893,8686.596000,1484632.289062,0.673567,77.541014
gist-960-euclidean,HNSWALP0.300000,ef=400,1,0.964000,103.426328,9668.718000,1484632.289062,0.673567,69.664609
gist-960-euclidean,HNSWALP0.300000,ef=500,1,0.969000,85.783422,11657.264000,1484632.289062,0.673567,57.780922
gist-960-euclidean,HNSWALP0.300000,ef=10,10,0.391900,1553.764928,643.598000,1484632.289062,0.673567,1046.565496
gist-960-euclidean,HNSWALP0.300000,ef=20,10,0.524700,1024.534528,976.053000,1484632.289062,0.673567,690.093120
gist-960-euclidean,HNSWALP0.300000,ef=30,10,0.613200,786.957285,1270.717000,1484632.289062,0.673567,530.068819
gist-960-euclidean,HNSWALP0.300000,ef=40,10,0.668200,647.385372,1544.675000,1484632.289062,0.673567,436.057721
gist-960-euclidean,HNSWALP0.300000,ef=60,10,0.741000,480.361385,2081.766000,1484632.289062,0.673567,323.555798
gist-960-euclidean,HNSWALP0.300000,ef=80,10,0.788700,386.632865,2586.433000,1484632.289062,0.673567,260.423317
gist-960-euclidean,HNSWALP0.300000,ef=100,10,0.822900,324.062027,3085.829000,1484632.289062,0.673567,218.277636
gist-960-euclidean,HNSWALP0.300000,ef=150,10,0.869700,234.486271,4264.642000,1484632.289062,0.673567,157.942322
gist-960-euclidean,HNSWALP0.300000,ef=200,10,0.899400,184.332851,5424.969000,1484632.289062,0.673567,124.160610
gist-960-euclidean,HNSWALP0.300000,ef=250,10,0.916500,153.483319,6515.366000,1484632.289062,0.673567,103.381370
gist-960-euclidean,HNSWALP0.300000,ef=300,10,0.929500,132.222523,7563.008000,1484632.289062,0.673567,89.060789
gist-960-euclidean,HNSWALP0.300000,ef=350,10,0.939700,116.579098,8577.867000,1484632.289062,0.673567,78.523887
gist-960-euclidean,HNSWALP0.300000,ef=400,10,0.945100,104.407718,9577.836000,1484632.289062,0.673567,70.325641
gist-960-euclidean,HNSWALP0.300000,ef=500,10,0.956600,87.053499,11487.189000,1484632.289062,0.673567,58.636404
gist-960-euclidean,HNSWALP0.500000,ef=10,1,0.447000,977.141724,1023.393000,1484632.289062,0.673567,658.170869
gist-960-euclidean,HNSWALP0.500000,ef=20,1,0.582000,631.852839,1582.647000,1484632.289062,0.673567,425.595512
gist-960-euclidean,HNSWALP0.500000,ef=30,1,0.670000,481.659606,2076.155000,1484632.289062,0.673567,324.430238
gist-960-euclidean,HNSWALP0.500000,ef=40,1,0.724000,394.711497,2533.496000,1484632.289062,0.673567,265.864821
gist-960-euclidean,HNSWALP0.500000,ef=60,1,0.787000,291.215768,3433.880000,1484632.289062,0.673567,196.153465
gist-960-euclidean,HNSWALP0.500000,ef=80,1,0.830000,232.593353,4299.349000,1484632.289062,0.673567,156.667314
gist-960-euclidean,HNSWALP0.500000,ef=100,1,0.864000,194.469255,5142.201000,1484632.289062,0.673567,130.988162
gist-960-euclidean,HNSWALP0.500000,ef=150,1,0.902000,140.097463,7137.888000,1484632.289062,0.673567,94.365092
gist-960-euclidean,HNSWALP0.500000,ef=200,1,0.924000,110.261619,9069.339000,1484632.289062,0.673567,74.268639
gist-960-euclidean,HNSWALP0.500000,ef=250,1,0.933000,91.446255,10935.385000,1484632.289062,0.673567,61.595221
gist-960-euclidean,HNSWALP0.500000,ef=300,1,0.949000,78.701680,12706.209000,1484632.289062,0.673567,53.010891
gist-960-euclidean,HNSWALP0.500000,ef=350,1,0.960000,69.205795,14449.657000,1484632.289062,0.673567,46.614772
gist-960-euclidean,HNSWALP0.500000,ef=400,1,0.963000,62.076896,16109.053000,1484632.289062,0.673567,41.812977
gist-960-euclidean,HNSWALP0.500000,ef=500,1,0.970000,51.747032,19324.780000,1484632.289062,0.673567,34.855117
gist-960-euclidean,HNSWALP0.500000,ef=10,10,0.397100,983.513365,1016.763000,1484632.289062,0.673567,662.462599
gist-960-euclidean,HNSWALP0.500000,ef=20,10,0.531300,636.270741,1571.658000,1484632.289062,0.673567,428.571267
gist-960-euclidean,HNSWALP0.500000,ef=30,10,0.620600,484.321308,2064.745000,1484632.289062,0.673567,326.223074
gist-960-euclidean,HNSWALP0.500000,ef=40,10,0.673300,395.011791,2531.570000,1484632.289062,0.673567,266.067089
gist-960-euclidean,HNSWALP0.500000,ef=60,10,0.748900,292.912913,3413.984000,1484632.289062,0.673567,197.296607
gist-960-euclidean,HNSWALP0.500000,ef=80,10,0.795800,234.423716,4265.780000,1484632.289062,0.673567,157.900187
gist-960-euclidean,HNSWALP0.500000,ef=100,10,0.829000,195.739035,5108.843000,1484632.289062,0.673567,131.843445
gist-960-euclidean,HNSWALP0.500000,ef=150,10,0.876800,139.986500,7143.546000,1484632.289062,0.673567,94.290351
gist-960-euclidean,HNSWALP0.500000,ef=200,10,0.902200,110.165463,9077.255000,1484632.289062,0.673567,74.203871
gist-960-euclidean,HNSWALP0.500000,ef=250,10,0.920800,91.308666,10951.863000,1484632.289062,0.673567,61.502546
gist-960-euclidean,HNSWALP0.500000,ef=300,10,0.933900,78.529655,12734.043000,1484632.289062,0.673567,52.895020
gist-960-euclidean,HNSWALP0.500000,ef=350,10,0.944800,69.027442,14486.992000,1484632.289062,0.673567,46.494639
gist-960-euclidean,HNSWALP0.500000,ef=400,10,0.952500,61.833975,16172.339000,1484632.289062,0.673567,41.649353
gist-960-euclidean,HNSWALP0.500000,ef=500,10,0.962100,51.585341,19385.352000,1484632.289062,0.673567,34.746207
gist-960-euclidean,HNSW,ef=10,1,0.457000,6271.401156,159.454000,3895083.210938,0.256734,1610.081433
gist-960-euclidean,HNSW,ef=20,1,0.618000,4038.837461,247.596000,3895083.210938,0.256734,1036.906593
gist-960-euclidean,HNSW,ef=30,1,0.699000,3053.817424,327.459000,3895083.210938,0.256734,784.018533
gist-960-euclidean,HNSW,ef=40,1,0.745000,2494.144995,400.939000,3895083.210938,0.256734,640.331633
gist-960-euclidean,HNSW,ef=60,1,0.802000,1835.269849,544.879000,3895083.210938,0.256734,471.176031
gist-960-euclidean,HNSW,ef=80,1,0.838000,1456.066117,686.782000,3895083.210938,0.256734,373.821569
gist-960-euclidean,HNSW,ef=100,1,0.869000,1210.718246,825.956000,3895083.210938,0.256734,310.832447
gist-960-euclidean,HNSW,ef=150,1,0.905000,858.872627,1164.317000,3895083.210938,0.256734,220.501740
gist-960-euclidean,HNSW,ef=200,1,0.924000,670.769540,1490.825000,3895083.210938,0.256734,172.209297
gist-960-euclidean,HNSW,ef=250,1,0.943000,553.704031,1806.019000,3895083.210938,0.256734,142.154609
gist-960-euclidean,HNSW,ef=300,1,0.952000,473.510183,2111.887000,3895083.210938,0.256734,121.566128
gist-960-euclidean,HNSW,ef=350,1,0.956000,415.010429,2409.578000,3895083.210938,0.256734,106.547256
gist-960-euclidean,HNSW,ef=400,1,0.962000,370.255454,2700.838000,3895083.210938,0.256734,95.057136
gist-960-euclidean,HNSW,ef=500,1,0.967000,306.218970,3265.637000,3895083.210938,0.256734,78.616798
gist-960-euclidean,HNSW,ef=10,10,0.400500,6297.229219,158.800000,3895083.210938,0.256734,1616.712373
gist-960-euclidean,HNSW,ef=20,10,0.543000,4032.599535,247.979000,3895083.210938,0.256734,1035.305106
gist-960-euclidean,HNSW,ef=30,10,0.629800,3049.793986,327.891000,3895083.210938,0.256734,782.985580
gist-960-euclidean,HNSW,ef=40,10,0.680200,2490.926799,401.457000,3895083.210938,0.256734,639.505413
gist-960-euclidean,HNSW,ef=60,10,0.751800,1833.923551,545.279000,3895083.210938,0.256734,470.830391
gist-960-euclidean,HNSW,ef=80,10,0.793800,1455.275738,687.155000,3895083.210938,0.256734,373.618652
gist-960-euclidean,HNSW,ef=100,10,0.827400,1210.368012,826.195000,3895083.210938,0.256734,310.742530
gist-960-euclidean,HNSW,ef=150,10,0.878700,858.684564,1164.572000,3895083.210938,0.256734,220.453458
gist-960-euclidean,HNSW,ef=200,10,0.904800,670.482607,1491.463000,3895083.210938,0.256734,172.135631
gist-960-euclidean,HNSW,ef=250,10,0.924500,553.550473,1806.520000,3895083.210938,0.256734,142.115185
gist-960-euclidean,HNSW,ef=300,10,0.937500,473.315199,2112.757000,3895083.210938,0.256734,121.516069
gist-960-euclidean,HNSW,ef=350,10,0.948200,414.792152,2410.846000,3895083.210938,0.256734,106.491217
gist-960-euclidean,HNSW,ef=400,10,0.954600,369.978193,2702.862000,3895083.210938,0.256734,94.985954
gist-960-euclidean,HNSW,ef=500,10,0.964400,306.092808,3266.983000,3895083.210938,0.256734,78.584408
gist-960-euclidean,FaissHNSW,ef=10,1,0.480000,6991.198082,143.037000,3890877.306641,0.257011,1796.817923
gist-960-euclidean,FaissHNSW,ef=20,1,0.632000,4475.113892,223.458000,3890877.306641,0.257011,1150.155489
gist-960-euclidean,FaissHNSW,ef=30,1,0.697000,3398.008767,294.290000,3890877.306641,0.257011,873.327144
gist-960-euclidean,FaissHNSW,ef=40,1,0.743000,2729.428976,366.377000,3890877.306641,0.257011,701.494486
gist-960-euclidean,FaissHNSW,ef=60,1,0.807000,1981.312263,504.716000,3890877.306641,0.257011,509.219928
gist-960-euclidean,FaissHNSW,ef=80,1,0.846000,1567.056707,638.139000,3890877.306641,0.257011,402.751509
gist-960-euclidean,FaissHNSW,ef=100,1,0.872000,1293.743070,772.951000,3890877.306641,0.257011,332.506776
gist-960-euclidean,FaissHNSW,ef=150,1,0.908000,907.946896,1101.386000,3890877.306641,0.257011,233.352744
gist-960-euclidean,FaissHNSW,ef=200,1,0.934000,701.297681,1425.928000,3890877.306641,0.257011,180.241531
gist-960-euclidean,FaissHNSW,ef=250,1,0.948000,578.842720,1727.585000,3890877.306641,0.257011,148.769204
gist-960-euclidean,FaissHNSW,ef=300,1,0.955000,478.377115,2090.401000,3890877.306641,0.257011,122.948394
gist-960-euclidean,FaissHNSW,ef=350,1,0.956000,416.321987,2401.987000,3890877.306641,0.257011,106.999516
gist-960-euclidean,FaissHNSW,ef=400,1,0.959000,368.848665,2711.139000,3890877.306641,0.257011,94.798328
gist-960-euclidean,FaissHNSW,ef=500,1,0.966000,308.089411,3245.811000,3890877.306641,0.257011,79.182505
gist-960-euclidean,FaissHNSW,ef=10,10,0.423400,6945.698529,143.974000,3890877.306641,0.257011,1785.124017
gist-960-euclidean,FaissHNSW,ef=20,10,0.559000,4447.053382,224.868000,3890877.306641,0.257011,1142.943617
gist-960-euclidean,FaissHNSW,ef=30,10,0.631800,3382.492220,295.640000,3890877.306641,0.257011,869.339214
gist-960-euclidean,FaissHNSW,ef=40,10,0.688800,2721.214315,367.483000,3890877.306641,0.257011,699.383224
gist-960-euclidean,FaissHNSW,ef=60,10,0.758800,1976.550208,505.932000,3890877.306641,0.257011,507.996026
gist-960-euclidean,FaissHNSW,ef=80,10,0.800400,1564.186388,639.310000,3890877.306641,0.257011,402.013804
gist-960-euclidean,FaissHNSW,ef=100,10,0.830800,1291.844457,774.087000,3890877.306641,0.257011,332.018811
gist-960-euclidean,FaissHNSW,ef=150,10,0.880500,906.536947,1103.099000,3890877.306641,0.257011,232.990371
gist-960-euclidean,FaissHNSW,ef=200,10,0.910000,701.147709,1426.233000,3890877.306641,0.257011,180.202986
gist-960-euclidean,FaissHNSW,ef=250,10,0.927200,578.155660,1729.638000,3890877.306641,0.257011,148.592622
gist-960-euclidean,FaissHNSW,ef=300,10,0.939500,477.540552,2094.063000,3890877.306641,0.257011,122.733387
gist-960-euclidean,FaissHNSW,ef=350,10,0.946000,415.295327,2407.925000,3890877.306641,0.257011,106.735652
gist-960-euclidean,FaissHNSW,ef=400,10,0.953000,367.747919,2719.254000,3890877.306641,0.257011,94.515424
gist-960-euclidean,FaissHNSW,ef=500,10,0.962600,307.722038,3249.686000,3890877.306641,0.257011,79.088086
gist-960-euclidean,IVF,nprobe=1,1,0.280000,2498.894239,400.177000,3761660.635742,0.265840,664.306135
gist-960-euclidean,IVF,nprobe=2,1,0.425000,1268.575111,788.286000,3761660.635742,0.265840,337.238054
gist-960-euclidean,IVF,nprobe=4,1,0.585000,632.985908,1579.814000,3761660.635742,0.265840,168.272997
gist-960-euclidean,IVF,nprobe=6,1,0.664000,418.593242,2388.954000,3761660.635742,0.265840,111.278843
gist-960-euclidean,IVF,nprobe=8,1,0.724000,313.420477,3190.602000,3761660.635742,0.265840,83.319711
gist-960-euclidean,IVF,nprobe=10,1,0.755000,249.909595,4001.447000,3761660.635742,0.265840,66.435976
gist-960-euclidean,IVF,nprobe=15,1,0.833000,165.887603,6028.178000,3761660.635742,0.265840,44.099566
gist-960-euclidean,IVF,nprobe=20,1,0.867000,124.091156,8058.592000,3761660.635742,0.265840,32.988398
gist-960-euclidean,IVF,nprobe=25,1,0.893000,99.223585,10078.249000,3761660.635742,0.265840,26.377602
gist-960-euclidean,IVF,nprobe=30,1,0.918000,82.735247,12086.747000,3761660.635742,0.265840,21.994341
gist-960-euclidean,IVF,nprobe=40,1,0.946000,62.069952,16110.855000,3761660.635742,0.265840,16.500678
gist-960-euclidean,IVF,nprobe=50,1,0.962000,49.783321,20087.049000,3761660.635742,0.265840,13.234400
gist-960-euclidean,IVF,nprobe=60,1,0.969000,41.573354,24053.869000,3761660.635742,0.265840,11.051862
gist-960-euclidean,IVF,nprobe=80,1,0.982000,31.406537,31840.505000,3761660.635742,0.265840,8.349115
gist-960-euclidean,IVF,nprobe=100,1,0.988000,25.249495,39604.752000,3761660.635742,0.265840,6.712327
gist-960-euclidean,IVF,nprobe=1,10,0.220800,2501.256882,399.799000,3761660.635742,0.265840,664.934220
gist-960-euclidean,IVF,nprobe=2,10,0.352000,1266.321299,789.689000,3761660.635742,0.265840,336.638900
gist-960-euclidean,IVF,nprobe=4,10,0.504300,632.514270,1580.992000,3761660.635742,0.265840,168.147616
gist-960-euclidean,IVF,nprobe=6,10,0.591700,418.114038,2391.692000,3761660.635742,0.265840,111.151451
gist-960-euclidean,IVF,nprobe=8,10,0.656400,313.286349,3191.968000,3761660.635742,0.265840,83.284054
gist-960-euclidean,IVF,nprobe=10,10,0.704500,249.945887,4000.866000,3761660.635742,0.265840,66.445624
gist-960-euclidean,IVF,nprobe=15,10,0.792500,165.864546,6029.016000,3761660.635742,0.265840,44.093437
gist-960-euclidean,IVF,nprobe=20,10,0.846200,124.138140,8055.542000,3761660.635742,0.265840,33.000888
gist-960-euclidean,IVF,nprobe=25,10,0.882400,99.252332,10075.330000,3761660.635742,0.265840,26.385244
gist-960-euclidean,IVF,nprobe=30,10,0.906300,82.763705,12082.591000,3761660.635742,0.265840,22.001906
gist-960-euclidean,IVF,nprobe=40,10,0.937000,62.077065,16109.009000,3761660.635742,0.265840,16.502569
gist-960-euclidean,IVF,nprobe=50,10,0.956000,49.819104,20072.621000,3761660.635742,0.265840,13.243913
gist-960-euclidean,IVF,nprobe=60,10,0.967800,41.591900,24043.143000,3761660.635742,0.265840,11.056792
gist-960-euclidean,IVF,nprobe=80,10,0.982600,31.408239,31838.780000,3761660.635742,0.265840,8.349567
gist-960-euclidean,IVF,nprobe=100,10,0.988900,25.274911,39564.926000,3761660.635742,0.265840,6.719083
gist-960-euclidean,NSG,1,1,0.090000,20761.964082,48.165000,3795415.207031,0.263476,5470.274779
gist-960-euclidean,NSG,2,1,0.180000,13867.702122,72.110000,3795415.207031,0.263476,3653.803699
gist-960-euclidean,NSG,4,1,0.272000,9745.733805,102.609000,3795415.207031,0.263476,2567.764862
gist-960-euclidean,NSG,6,1,0.344000,7815.919465,127.944000,3795415.207031,0.263476,2059.305514
gist-960-euclidean,NSG,8,1,0.405000,6548.745588,152.701000,3795415.207031,0.263476,1725.435883
gist-960-euclidean,NSG,10,1,0.452000,5719.482272,174.841000,3795415.207031,0.263476,1506.945080
gist-960-euclidean,NSG,15,1,0.550000,4453.390812,224.548000,3795415.207031,0.263476,1173.360639
gist-960-euclidean,NSG,20,1,0.620000,3674.984381,272.110000,3795415.207031,0.263476,968.269394
gist-960-euclidean,NSG,25,1,0.655000,3162.245321,316.231000,3795415.207031,0.263476,833.175067
gist-960-euclidean,NSG,30,1,0.687000,2790.770364,358.324000,3795415.207031,0.263476,735.300412
gist-960-euclidean,NSG,40,1,0.752000,2281.433014,438.321000,3795415.207031,0.263476,601.102354
gist-960-euclidean,NSG,50,1,0.790000,1923.261852,519.950000,3795415.207031,0.263476,506.732926
gist-960-euclidean,NSG,60,1,0.824000,1667.458710,599.715000,3795415.207031,0.263476,439.334992
gist-960-euclidean,NSG,80,1,0.864000,1329.276382,752.289000,3795415.207031,0.263476,350.232138
gist-960-euclidean,NSG,100,1,0.891000,1028.761073,972.043000,3795415.207031,0.263476,271.053631
gist-960-euclidean,NSG,10,10,0.414500,5706.231776,175.247000,3795415.207031,0.263476,1503.453895
gist-960-euclidean,NSG,15,10,0.501000,4451.745307,224.631000,3795415.207031,0.263476,1172.927088
gist-960-euclidean,NSG,20,10,0.563000,3672.096473,272.324000,3795415.207031,0.263476,967.508500
gist-960-euclidean,NSG,25,10,0.604700,3158.948828,316.561000,3795415.207031,0.263476,832.306521
gist-960-euclidean,NSG,30,10,0.641500,2789.462526,358.492000,3795415.207031,0.263476,734.955828
gist-960-euclidean,NSG,40,10,0.700000,2280.200110,438.558000,3795415.207031,0.263476,600.777513
gist-960-euclidean,NSG,50,10,0.740400,1920.558037,520.682000,3795415.207031,0.263476,506.020536
gist-960-euclidean,NSG,60,10,0.771400,1667.508759,599.697000,3795415.207031,0.263476,439.348179
gist-960-euclidean,NSG,80,10,0.812600,1329.410686,752.213000,3795415.207031,0.263476,350.267524
gist-960-euclidean,NSG,100,10,0.842300,1028.424628,972.361000,3795415.207031,0.263476,270.964986
gist-960-euclidean,HNSWPQ_2,ef=10,1,0.441000,1411.733482,708.349000,610587.346680,1.637767,2312.090955
gist-960-euclidean,HNSWPQ_2,ef=20,1,0.571000,1143.556346,874.465000,610587.346680,1.637767,1872.879207
gist-960-euclidean,HNSWPQ_2,ef=30,1,0.638000,972.700196,1028.066000,610587.346680,1.637767,1593.056590
gist-960-euclidean,HNSWPQ_2,ef=40,1,0.673000,854.814830,1169.844000,610587.346680,1.637767,1399.987790
gist-960-euclidean,HNSWPQ_2,ef=60,1,0.725000,687.728111,1454.063000,610587.346680,1.637767,1126.338622
gist-960-euclidean,HNSWPQ_2,ef=80,1,0.763000,579.241715,1726.395000,610587.346680,1.637767,948.663148
gist-960-euclidean,HNSWPQ_2,ef=100,1,0.778000,502.215272,1991.178000,610587.346680,1.637767,822.511757
gist-960-euclidean,HNSWPQ_2,ef=150,1,0.815000,377.811437,2646.823000,610587.346680,1.637767,618.767222
gist-960-euclidean,HNSWPQ_2,ef=200,1,0.825000,305.683076,3271.362000,610587.346680,1.637767,500.637752
gist-960-euclidean,HNSWPQ_2,ef=250,1,0.836000,258.395663,3870.034000,610587.346680,1.637767,423.191971
gist-960-euclidean,HNSWPQ_2,ef=300,1,0.841000,221.012987,4524.621000,610587.346680,1.637767,361.967846
gist-960-euclidean,HNSWPQ_2,ef=350,1,0.845000,195.690082,5110.121000,610587.346680,1.637767,320.494821
gist-960-euclidean,HNSWPQ_2,ef=400,1,0.849000,176.051069,5680.170000,610587.346680,1.637767,288.330687
gist-960-euclidean,HNSWPQ_2,ef=500,1,0.854000,148.382284,6739.349000,610587.346680,1.637767,243.015656
gist-960-euclidean,HNSWPQ_2,ef=10,10,0.420000,1417.615288,705.410000,610587.346680,1.637767,2321.723985
gist-960-euclidean,HNSWPQ_2,ef=20,10,0.547600,1144.982230,873.376000,610587.346680,1.637767,1875.214474
gist-960-euclidean,HNSWPQ_2,ef=30,10,0.622600,972.519516,1028.257000,610587.346680,1.637767,1592.760678
gist-960-euclidean,HNSWPQ_2,ef=40,10,0.670200,854.711082,1169.986000,610587.346680,1.637767,1399.817875
gist-960-euclidean,HNSWPQ_2,ef=60,10,0.734300,687.408059,1454.740000,610587.346680,1.637767,1125.814452
gist-960-euclidean,HNSWPQ_2,ef=80,10,0.774000,579.023708,1727.045000,610587.346680,1.637767,948.306104
gist-960-euclidean,HNSWPQ_2,ef=100,10,0.798500,502.103059,1991.623000,610587.346680,1.637767,822.327979
gist-960-euclidean,HNSWPQ_2,ef=150,10,0.834900,377.528022,2648.810000,610587.346680,1.637767,618.303055
gist-960-euclidean,HNSWPQ_2,ef=200,10,0.854200,305.445824,3273.903000,610587.346680,1.637767,500.249188
gist-960-euclidean,HNSWPQ_2,ef=250,10,0.867600,258.110610,3874.308000,610587.346680,1.637767,422.725120
gist-960-euclidean,HNSWPQ_2,ef=300,10,0.874700,220.781744,4529.360000,610587.346680,1.637767,361.589124
gist-960-euclidean,HNSWPQ_2,ef=350,10,0.879500,195.315781,5119.914000,610587.346680,1.637767,319.881802
gist-960-euclidean,HNSWPQ_2,ef=400,10,0.884100,175.692673,5691.757000,610587.346680,1.637767,287.743717
gist-960-euclidean,HNSWPQ_2,ef=500,10,0.889700,148.293278,6743.394000,610587.346680,1.637767,242.869884
gist-960-euclidean,HNSWSQ_8,ef=10,1,0.455000,5600.421152,178.558000,1078384.841797,0.927313,5193.341871
gist-960-euclidean,HNSWSQ_8,ef=20,1,0.600000,3656.587892,273.479000,1078384.841797,0.927313,3390.800529
gist-960-euclidean,HNSWSQ_8,ef=30,1,0.668000,2761.576529,362.112000,1078384.841797,0.927313,2560.845091
gist-960-euclidean,HNSWSQ_8,ef=40,1,0.726000,2204.711910,453.574000,1078384.841797,0.927313,2044.457437
gist-960-euclidean,HNSWSQ_8,ef=60,1,0.786000,1583.912517,631.348000,1078384.841797,0.927313,1468.782253
gist-960-euclidean,HNSWSQ_8,ef=80,1,0.827000,1220.989294,819.008000,1078384.841797,0.927313,1132.238925
gist-960-euclidean,HNSWSQ_8,ef=100,1,0.844000,998.332784,1001.670000,1078384.841797,0.927313,925.766707
gist-960-euclidean,HNSWSQ_8,ef=150,1,0.892000,688.278141,1452.901000,1078384.841797,0.927313,638.249088
gist-960-euclidean,HNSWSQ_8,ef=200,1,0.908000,528.409403,1892.472000,1078384.841797,0.927313,490.000770
gist-960-euclidean,HNSWSQ_8,ef=250,1,0.922000,429.837423,2326.461000,1078384.841797,0.927313,398.593717
gist-960-euclidean,HNSWSQ_8,ef=300,1,0.931000,364.722308,2741.812000,1078384.841797,0.927313,338.211642
gist-960-euclidean,HNSWSQ_8,ef=350,1,0.936000,317.061826,3153.959000,1078384.841797,0.927313,294.015470
gist-960-euclidean,HNSWSQ_8,ef=400,1,0.939000,280.957357,3559.259000,1078384.841797,0.927313,260.535336
gist-960-euclidean,HNSWSQ_8,ef=500,1,0.942000,230.038469,4347.099000,1078384.841797,0.927313,213.317603
gist-960-euclidean,HNSWSQ_8,ef=10,10,0.420400,5591.246345,178.851000,1078384.841797,0.927313,5184.833955
gist-960-euclidean,HNSWSQ_8,ef=20,10,0.556200,3624.133832,275.928000,1078384.841797,0.927313,3360.705466
gist-960-euclidean,HNSWSQ_8,ef=30,10,0.631800,2742.197762,364.671000,1078384.841797,0.927313,2542.874914
gist-960-euclidean,HNSWSQ_8,ef=40,10,0.688500,2189.074766,456.814000,1078384.841797,0.927313,2029.956914
gist-960-euclidean,HNSWSQ_8,ef=60,10,0.754600,1574.185870,635.249000,1078384.841797,0.927313,1459.762609
gist-960-euclidean,HNSWSQ_8,ef=80,10,0.798800,1215.258789,822.870000,1078384.841797,0.927313,1126.924955
gist-960-euclidean,HNSWSQ_8,ef=100,10,0.827100,992.472099,1007.585000,1078384.841797,0.927313,920.332019
gist-960-euclidean,HNSWSQ_8,ef=150,10,0.870200,686.029153,1457.664000,1078384.841797,0.927313,636.163573
gist-960-euclidean,HNSWSQ_8,ef=200,10,0.895100,527.128122,1897.072000,1078384.841797,0.927313,488.812622
gist-960-euclidean,HNSWSQ_8,ef=250,10,0.911800,428.250485,2335.082000,1078384.841797,0.927313,397.122130
gist-960-euclidean,HNSWSQ_8,ef=300,10,0.921800,362.791258,2756.406000,1078384.841797,0.927313,336.420955
gist-960-euclidean,HNSWSQ_8,ef=350,10,0.930100,316.474524,3159.812000,1078384.841797,0.927313,293.470858
gist-960-euclidean,HNSWSQ_8,ef=400,10,0.935200,279.453099,3578.418000,1078384.841797,0.927313,259.140418
gist-960-euclidean,HNSWSQ_8,ef=500,10,0.943300,229.612584,4355.162000,1078384.841797,0.927313,212.922674
gist-960-euclidean,HNSWPQ_1,ef=10,1,0.478000,565.316690,1768.920000,1079337.346680,0.926494,523.762744
gist-960-euclidean,HNSWPQ_1,ef=20,1,0.609000,479.687167,2084.692000,1079337.346680,0.926494,444.427471
gist-960-euclidean,HNSWPQ_1,ef=30,1,0.678000,422.753078,2365.447000,1079337.346680,0.926494,391.678356
gist-960-euclidean,HNSWPQ_1,ef=40,1,0.720000,380.005768,2631.539000,1079337.346680,0.926494,352.073214
gist-960-euclidean,HNSWPQ_1,ef=60,1,0.779000,316.905783,3155.512000,1079337.346680,0.926494,293.611431
gist-960-euclidean,HNSWPQ_1,ef=80,1,0.813000,273.623040,3654.663000,1079337.346680,0.926494,253.510212
gist-960-euclidean,HNSWPQ_1,ef=100,1,0.842000,240.727594,4154.073000,1079337.346680,0.926494,223.032766
gist-960-euclidean,HNSWPQ_1,ef=150,1,0.880000,186.788418,5353.651000,1079337.346680,0.926494,173.058422
gist-960-euclidean,HNSWPQ_1,ef=200,1,0.900000,153.630244,6509.135000,1079337.346680,0.926494,142.337560
gist-960-euclidean,HNSWPQ_1,ef=250,1,0.910000,131.741405,7590.628000,1079337.346680,0.926494,122.057673
gist-960-euclidean,HNSWPQ_1,ef=300,1,0.913000,115.328069,8670.916000,1079337.346680,0.926494,106.850809
gist-960-euclidean,HNSWPQ_1,ef=350,1,0.923000,102.965679,9711.974000,1079337.346680,0.926494,95.397125
gist-960-euclidean,HNSWPQ_1,ef=400,1,0.930000,93.170309,10733.033000,1079337.346680,0.926494,86.321769
gist-960-euclidean,HNSWPQ_1,ef=500,1,0.935000,79.267385,12615.529000,1079337.346680,0.926494,73.440788
gist-960-euclidean,HNSWPQ_1,ef=10,10,0.424100,566.330304,1765.754000,1079337.346680,0.926494,524.701852
gist-960-euclidean,HNSWPQ_1,ef=20,10,0.559700,480.550904,2080.945000,1079337.346680,0.926494,445.227718
gist-960-euclidean,HNSWPQ_1,ef=30,10,0.638800,423.578407,2360.838000,1079337.346680,0.926494,392.443019
gist-960-euclidean,HNSWPQ_1,ef=40,10,0.694800,380.785271,2626.152000,1079337.346680,0.926494,352.795418
gist-960-euclidean,HNSWPQ_1,ef=60,10,0.763700,317.528662,3149.322000,1079337.346680,0.926494,294.188525
gist-960-euclidean,HNSWPQ_1,ef=80,10,0.802700,274.119576,3648.043000,1079337.346680,0.926494,253.970250
gist-960-euclidean,HNSWPQ_1,ef=100,10,0.832900,241.232990,4145.370000,1079337.346680,0.926494,223.501013
gist-960-euclidean,HNSWPQ_1,ef=150,10,0.877400,187.219779,5341.316000,1079337.346680,0.926494,173.458075
gist-960-euclidean,HNSWPQ_1,ef=200,10,0.899500,154.094910,6489.507000,1079337.346680,0.926494,142.768071
gist-960-euclidean,HNSWPQ_1,ef=250,10,0.915400,132.022700,7574.455000,1079337.346680,0.926494,122.318291
gist-960-euclidean,HNSWPQ_1,ef=300,10,0.924800,115.334068,8670.465000,1079337.346680,0.926494,106.856367
gist-960-euclidean,HNSWPQ_1,ef=350,10,0.934300,103.017581,9707.081000,1079337.346680,0.926494,95.445211
gist-960-euclidean,HNSWPQ_1,ef=400,10,0.939800,93.219650,10727.352000,1079337.346680,0.926494,86.367483
gist-960-euclidean,HNSWPQ_1,ef=500,10,0.947600,79.317244,12607.599000,1079337.346680,0.926494,73.486981
gist-960-euclidean,HNSWSQ_4,ef=10,1,0.277000,1498.843642,667.181000,609634.841797,1.640326,2458.592487
gist-960-euclidean,HNSWSQ_4,ef=20,1,0.337000,1000.352124,999.648000,609634.841797,1.640326,1640.903793
gist-960-euclidean,HNSWSQ_4,ef=30,1,0.370000,767.915271,1302.227000,609634.841797,1.640326,1259.631535
gist-960-euclidean,HNSWSQ_4,ef=40,1,0.382000,627.382091,1593.925000,609634.841797,1.640326,1029.111278
gist-960-euclidean,HNSWSQ_4,ef=60,1,0.412000,465.246548,2149.398000,609634.841797,1.640326,763.156100
gist-960-euclidean,HNSWSQ_4,ef=80,1,0.421000,371.357356,2692.824000,609634.841797,1.640326,609.147198
gist-960-euclidean,HNSWSQ_4,ef=100,1,0.430000,309.367748,3232.399000,609634.841797,1.640326,507.464021
gist-960-euclidean,HNSWSQ_4,ef=150,1,0.434000,220.268441,4539.915000,609634.841797,1.640326,361.312094
gist-960-euclidean,HNSWSQ_4,ef=200,1,0.440000,172.885502,5784.175000,609634.841797,1.640326,283.588618
gist-960-euclidean,HNSWSQ_4,ef=250,1,0.444000,142.853980,7000.155000,609634.841797,1.640326,234.327125
gist-960-euclidean,HNSWSQ_4,ef=300,1,0.448000,120.943641,8268.314000,609634.841797,1.640326,198.387022
gist-960-euclidean,HNSWSQ_4,ef=350,1,0.450000,105.961028,9437.432000,609634.841797,1.640326,173.810650
gist-960-euclidean,HNSWSQ_4,ef=400,1,0.453000,94.530449,10578.602000,609634.841797,1.640326,155.060772
gist-960-euclidean,HNSWSQ_4,ef=500,1,0.458000,78.529050,12734.141000,609634.841797,1.640326,128.813258
gist-960-euclidean,HNSWSQ_4,ef=10,10,0.301500,1499.472935,666.901000,609634.841797,1.640326,2459.624733
gist-960-euclidean,HNSWSQ_4,ef=20,10,0.381600,998.604949,1001.397000,609634.841797,1.640326,1638.037855
gist-960-euclidean,HNSWSQ_4,ef=30,10,0.422800,766.995861,1303.788000,609634.841797,1.640326,1258.123402
gist-960-euclidean,HNSWSQ_4,ef=40,10,0.448800,626.768270,1595.486000,609634.841797,1.640326,1028.104411
gist-960-euclidean,HNSWSQ_4,ef=60,10,0.479900,465.014625,2150.470000,609634.841797,1.640326,762.775670
gist-960-euclidean,HNSWSQ_4,ef=80,10,0.498600,371.265119,2693.493000,609634.841797,1.640326,608.995900
gist-960-euclidean,HNSWSQ_4,ef=100,10,0.509000,309.305837,3233.046000,609634.841797,1.640326,507.362467
gist-960-euclidean,HNSWSQ_4,ef=150,10,0.524700,220.267034,4539.944000,609634.841797,1.640326,361.309786
gist-960-euclidean,HNSWSQ_4,ef=200,10,0.533000,172.911869,5783.293000,609634.841797,1.640326,283.631868
gist-960-euclidean,HNSWSQ_4,ef=250,10,0.538400,142.833310,7001.168000,609634.841797,1.640326,234.293220
gist-960-euclidean,HNSWSQ_4,ef=300,10,0.541600,120.913341,8270.386000,609634.841797,1.640326,198.337320
gist-960-euclidean,HNSWSQ_4,ef=350,10,0.543100,105.927782,9440.394000,609634.841797,1.640326,173.756116
gist-960-euclidean,HNSWSQ_4,ef=400,10,0.544300,94.500380,10581.968000,609634.841797,1.640326,155.011449
gist-960-euclidean,HNSWSQ_4,ef=500,10,0.546700,78.513809,12736.613000,609634.841797,1.640326,128.788257
mnist-784-euclidean,HNSWALP0.000000,ef=10,1,0.969400,2375.656364,420.936300,53245.503906,1.126856,2677.021934
mnist-784-euclidean,HNSWALP0.000000,ef=20,1,0.991300,1587.867927,629.775300,53245.503906,1.126856,1789.298037
mnist-784-euclidean,HNSWALP0.000000,ef=30,1,0.996200,1220.574542,819.286300,53245.503906,1.126856,1375.411389
mnist-784-euclidean,HNSWALP0.000000,ef=40,1,0.997600,1008.649981,991.424200,53245.503906,1.126856,1136.602988
mnist-784-euclidean,HNSWALP0.000000,ef=60,1,0.999000,767.610344,1302.744300,53245.503906,1.126856,864.986097
mnist-784-euclidean,HNSWALP0.000000,ef=80,1,0.999100,643.620049,1553.711700,53245.503906,1.126856,725.266926
mnist-784-euclidean,HNSWALP0.000000,ef=10,10,0.928880,2374.614422,421.121000,53245.503906,1.126856,2675.847816
mnist-784-euclidean,HNSWALP0.000000,ef=20,10,0.979860,1857.735714,538.289700,53245.503906,1.126856,2093.400093
mnist-784-euclidean,HNSWALP0.000000,ef=30,10,0.991810,1423.654533,702.417600,53245.503906,1.126856,1604.253236
mnist-784-euclidean,HNSWALP0.000000,ef=40,10,0.995480,1171.780296,853.402300,53245.503906,1.126856,1320.427315
mnist-784-euclidean,HNSWALP0.000000,ef=60,10,0.998310,885.104418,1129.810200,53245.503906,1.126856,997.384966
mnist-784-euclidean,HNSWALP0.000000,ef=80,10,0.999020,723.872265,1381.459200,53245.503906,1.126856,815.699594
mnist-784-euclidean,HNSWALP0.100000,ef=10,1,0.963400,6039.128723,165.586800,53245.503906,1.126856,6805.226672
mnist-784-euclidean,HNSWALP0.100000,ef=20,1,0.988000,4465.854745,223.921300,53245.503906,1.126856,5032.373910
mnist-784-euclidean,HNSWALP0.100000,ef=30,1,0.993000,3553.984852,281.374300,53245.503906,1.126856,4004.828117
mnist-784-euclidean,HNSWALP0.100000,ef=40,1,0.995000,2899.344893,344.905500,53245.503906,1.126856,3267.143342
mnist-784-euclidean,HNSWALP0.100000,ef=60,1,0.996200,2157.939134,463.405100,53245.503906,1.126856,2431.686030
mnist-784-euclidean,HNSWALP0.100000,ef=80,1,0.997100,1744.499549,573.230300,53245.503906,1.126856,1965.799275
mnist-784-euclidean,HNSWALP0.100000,ef=100,1,0.997200,1456.323334,686.660700,53245.503906,1.126856,1641.066262
mnist-784-euclidean,HNSWALP0.100000,ef=150,1,0.997400,1038.981009,962.481500,53245.503906,1.126856,1170.781680
mnist-784-euclidean,HNSWALP0.100000,ef=200,1,0.997400,812.425297,1230.882400,53245.503906,1.126856,915.486084
mnist-784-euclidean,HNSWALP0.100000,ef=250,1,0.997400,667.283103,1498.614300,53245.503906,1.126856,751.931773
mnist-784-euclidean,HNSWALP0.100000,ef=300,1,0.997600,580.039338,1724.021000,53245.503906,1.126856,653.620639
mnist-784-euclidean,HNSWALP0.100000,ef=350,1,0.997700,506.785811,1973.220200,53245.503906,1.126856,571.074484
mnist-784-euclidean,HNSWALP0.100000,ef=400,1,0.997700,452.531136,2209.792700,53245.503906,1.126856,509.937293
mnist-784-euclidean,HNSWALP0.100000,ef=500,1,0.997700,370.131101,2701.745400,53245.503906,1.126856,417.084344
mnist-784-euclidean,HNSWALP0.100000,ef=10,10,0.782640,6921.200745,144.483600,53245.503906,1.126856,7799.194566
mnist-784-euclidean,HNSWALP0.100000,ef=20,10,0.835060,5138.223346,194.619800,53245.503906,1.126856,5790.036306
mnist-784-euclidean,HNSWALP0.100000,ef=30,10,0.847790,4088.409400,244.593900,53245.503906,1.126856,4607.047469
mnist-784-euclidean,HNSWALP0.100000,ef=40,10,0.852670,3400.287256,294.092800,53245.503906,1.126856,3831.633103
mnist-784-euclidean,HNSWALP0.100000,ef=60,10,0.856570,2549.295082,392.265300,53245.503906,1.126856,2872.687714
mnist-784-euclidean,HNSWALP0.100000,ef=80,10,0.857980,2045.491736,488.880000,53245.503906,1.126856,2304.974039
mnist-784-euclidean,HNSWALP0.100000,ef=100,10,0.858600,1712.597094,583.908500,53245.503906,1.126856,1929.849810
mnist-784-euclidean,HNSWALP0.100000,ef=150,10,0.859290,1224.731493,816.505500,53245.503906,1.126856,1380.095674
mnist-784-euclidean,HNSWALP0.100000,ef=200,10,0.859520,957.318894,1044.584000,53245.503906,1.126856,1078.760261
mnist-784-euclidean,HNSWALP0.100000,ef=250,10,0.859640,787.841401,1269.291000,53245.503906,1.126856,887.783580
mnist-784-euclidean,HNSWALP0.100000,ef=300,10,0.859720,669.926529,1492.701000,53245.503906,1.126856,754.910533
mnist-784-euclidean,HNSWALP0.100000,ef=350,10,0.859760,584.588562,1710.604800,53245.503906,1.126856,658.746958
mnist-784-euclidean,HNSWALP0.100000,ef=400,10,0.859780,505.016353,1980.133900,53245.503906,1.126856,569.080560
mnist-784-euclidean,HNSWALP0.100000,ef=500,10,0.859830,414.282626,2413.811100,53245.503906,1.126856,466.836741
mnist-784-euclidean,HNSWALP0.200000,ef=10,1,0.967700,5571.992935,179.469000,53245.503906,1.126856,6278.832043
mnist-784-euclidean,HNSWALP0.200000,ef=20,1,0.989900,4203.883295,237.875300,53245.503906,1.126856,4737.169887
mnist-784-euclidean,HNSWALP0.200000,ef=30,1,0.995000,3353.373091,298.207200,53245.503906,1.126856,3778.767608
mnist-784-euclidean,HNSWALP0.200000,ef=40,1,0.997000,2845.439969,351.439500,53245.503906,1.126856,3206.400271
mnist-784-euclidean,HNSWALP0.200000,ef=60,1,0.998000,2149.753090,465.169700,53245.503906,1.126856,2422.461540
mnist-784-euclidean,HNSWALP0.200000,ef=80,1,0.999000,1747.579297,572.220100,53245.503906,1.126856,1969.269706
mnist-784-euclidean,HNSWALP0.200000,ef=100,1,0.999000,1480.618336,675.393500,53245.503906,1.126856,1668.443223
mnist-784-euclidean,HNSWALP0.200000,ef=150,1,0.999100,1071.990141,932.844400,53245.503906,1.126856,1207.978209
mnist-784-euclidean,HNSWALP0.200000,ef=10,10,0.874840,5963.790251,167.678600,53245.503906,1.126856,6720.331086
mnist-784-euclidean,HNSWALP0.200000,ef=20,10,0.926490,4470.398585,223.693700,53245.503906,1.126856,5037.494163
mnist-784-euclidean,HNSWALP0.200000,ef=30,10,0.938740,3569.941946,280.116600,53245.503906,1.126856,4022.809458
mnist-784-euclidean,HNSWALP0.200000,ef=40,10,0.943020,3012.812286,331.915800,53245.503906,1.126856,3395.004721
mnist-784-euclidean,HNSWALP0.200000,ef=60,10,0.946060,2292.361348,436.231400,53245.503906,1.126856,2583.160469
mnist-784-euclidean,HNSWALP0.200000,ef=80,10,0.947330,1858.990029,537.926500,53245.503906,1.126856,2094.813526
mnist-784-euclidean,HNSWALP0.200000,ef=100,10,0.947700,1570.414891,636.774400,53245.503906,1.126856,1769.630984
mnist-784-euclidean,HNSWALP0.200000,ef=150,10,0.948020,1134.399578,881.523600,53245.503906,1.126856,1278.304640
mnist-784-euclidean,HNSWALP0.200000,ef=200,10,0.948180,893.945601,1118.636300,53245.503906,1.126856,1007.347704
mnist-784-euclidean,HNSWALP0.200000,ef=250,10,0.948270,741.500367,1348.617000,53245.503906,1.126856,835.563921
mnist-784-euclidean,HNSWALP0.200000,ef=300,10,0.948300,633.776377,1577.843600,53245.503906,1.126856,714.174528
mnist-784-euclidean,HNSWALP0.200000,ef=350,10,0.948300,555.929418,1798.789500,53245.503906,1.126856,626.452238
mnist-784-euclidean,HNSWALP0.200000,ef=400,10,0.948310,494.727149,2021.316200,53245.503906,1.126856,557.486111
mnist-784-euclidean,HNSWALP0.200000,ef=500,10,0.948350,407.223427,2455.654400,53245.503906,1.126856,458.882043
mnist-784-euclidean,HNSWALP0.300000,ef=10,1,0.969400,4759.998496,210.084100,53245.503906,1.126856,5363.831475
mnist-784-euclidean,HNSWALP0.300000,ef=20,1,0.991200,3501.496189,285.592200,53245.503906,1.126856,3945.680967
mnist-784-euclidean,HNSWALP0.300000,ef=30,1,0.996000,2818.401910,354.811000,53245.503906,1.126856,3175.932279
mnist-784-euclidean,HNSWALP0.300000,ef=40,1,0.997600,2381.955071,419.823200,53245.503906,1.126856,2684.119667
mnist-784-euclidean,HNSWALP0.300000,ef=60,1,0.999100,1829.325738,546.649500,53245.503906,1.126856,2061.386150
mnist-784-euclidean,HNSWALP0.300000,ef=10,10,0.914400,4856.358625,205.915600,53245.503906,1.126856,5472.415436
mnist-784-euclidean,HNSWALP0.300000,ef=20,10,0.965110,3607.789940,277.178000,53245.503906,1.126856,4065.458687
mnist-784-euclidean,HNSWALP0.300000,ef=30,10,0.977160,2902.941318,344.478200,53245.503906,1.126856,3271.195994
mnist-784-euclidean,HNSWALP0.300000,ef=40,10,0.981020,2446.925573,408.676100,53245.503906,1.126856,2757.332048
mnist-784-euclidean,HNSWALP0.300000,ef=60,10,0.983970,1892.316947,528.452700,53245.503906,1.126856,2132.368153
mnist-784-euclidean,HNSWALP0.300000,ef=80,10,0.984980,1555.122160,643.036300,53245.503906,1.126856,1752.398283
mnist-784-euclidean,HNSWALP0.300000,ef=100,10,0.985260,1328.926436,752.487100,53245.503906,1.126856,1497.508340
mnist-784-euclidean,HNSWALP0.300000,ef=150,10,0.985510,978.402929,1022.073800,53245.503906,1.126856,1102.518926
mnist-784-euclidean,HNSWALP0.300000,ef=200,10,0.985570,780.609108,1281.050900,53245.503906,1.126856,879.633829
mnist-784-euclidean,HNSWALP0.300000,ef=250,10,0.985650,653.387395,1530.485600,53245.503906,1.126856,736.273316
mnist-784-euclidean,HNSWALP0.300000,ef=300,10,0.985690,561.276585,1781.652800,53245.503906,1.126856,632.477724
mnist-784-euclidean,HNSWALP0.300000,ef=350,10,0.985720,494.659018,2021.594600,53245.503906,1.126856,557.409338
mnist-784-euclidean,HNSWALP0.300000,ef=400,10,0.985730,442.526299,2259.752700,53245.503906,1.126856,498.663286
mnist-784-euclidean,HNSWALP0.300000,ef=500,10,0.985730,366.688801,2727.108100,53245.503906,1.126856,413.205369
mnist-784-euclidean,HNSWALP0.500000,ef=10,1,0.969400,3225.314331,310.047300,53245.503906,1.126856,3634.463864
mnist-784-euclidean,HNSWALP0.500000,ef=20,1,0.991200,2343.100156,426.785000,53245.503906,1.126856,2640.335785
mnist-784-euclidean,HNSWALP0.500000,ef=30,1,0.996200,1878.961791,532.208800,53245.503906,1.126856,2117.318819
mnist-784-euclidean,HNSWALP0.500000,ef=40,1,0.997500,1593.584865,627.516000,53245.503906,1.126856,1795.740201
mnist-784-euclidean,HNSWALP0.500000,ef=60,1,0.999100,1239.281915,806.918900,53245.503906,1.126856,1396.491900
mnist-784-euclidean,HNSWALP0.500000,ef=10,10,0.927890,3314.028015,301.747600,53245.503906,1.126856,3734.431386
mnist-784-euclidean,HNSWALP0.500000,ef=20,10,0.978810,2416.940627,413.746200,53245.503906,1.126856,2723.543341
mnist-784-euclidean,HNSWALP0.500000,ef=30,10,0.990680,1935.430553,516.680900,53245.503906,1.126856,2180.950966
mnist-784-euclidean,HNSWALP0.500000,ef=40,10,0.994490,1636.239966,611.157300,53245.503906,1.126856,1843.806346
mnist-784-euclidean,HNSWALP0.500000,ef=60,10,0.997280,1273.802756,785.050900,53245.503906,1.126856,1435.391906
mnist-784-euclidean,HNSWALP0.500000,ef=80,10,0.998030,1059.653512,943.704700,53245.503906,1.126856,1194.076609
mnist-784-euclidean,HNSWALP0.500000,ef=100,10,0.998540,914.682028,1093.276100,53245.503906,1.126856,1030.714664
mnist-784-euclidean,HNSWALP0.500000,ef=150,10,0.998710,693.794735,1441.348500,53245.503906,1.126856,781.806557
mnist-784-euclidean,HNSWALP0.500000,ef=200,10,0.998790,565.321676,1768.904400,53245.503906,1.126856,637.035957
mnist-784-euclidean,HNSWALP0.500000,ef=250,10,0.998840,481.392356,2077.307600,53245.503906,1.126856,542.459724
mnist-784-euclidean,HNSWALP0.500000,ef=300,10,0.998860,418.823573,2387.640200,53245.503906,1.126856,471.953734
mnist-784-euclidean,HNSWALP0.500000,ef=350,10,0.998890,373.539828,2677.090700,53245.503906,1.126856,420.925487
mnist-784-euclidean,HNSWALP0.500000,ef=400,10,0.998900,337.016497,2967.213800,53245.503906,1.126856,379.768963
mnist-784-euclidean,HNSWALP0.500000,ef=500,10,0.998920,284.008135,3521.025900,53245.503906,1.126856,320.036188
mnist-784-euclidean,HNSW,ef=10,1,0.966900,16370.255900,61.086400,192444.453125,0.311778,5103.890177
mnist-784-euclidean,HNSW,ef=20,1,0.992000,10893.910740,91.794400,192444.453125,0.311778,3396.484719
mnist-784-euclidean,HNSW,ef=30,1,0.995900,8328.995315,120.062500,192444.453125,0.311778,2596.799808
mnist-784-euclidean,HNSW,ef=40,1,0.997500,6830.806390,146.395600,192444.453125,0.311778,2129.697046
mnist-784-euclidean,HNSW,ef=60,1,0.998500,5128.762717,194.978800,192444.453125,0.311778,1599.036803
mnist-784-euclidean,HNSW,ef=80,1,0.999100,4159.967386,240.386500,192444.453125,0.311778,1296.987464
mnist-784-euclidean,HNSW,ef=10,10,0.929150,16313.213703,61.300000,192444.453125,0.311778,5086.105660
mnist-784-euclidean,HNSW,ef=20,10,0.980360,10855.099617,92.122600,192444.453125,0.311778,3384.384255
mnist-784-euclidean,HNSW,ef=30,10,0.991500,8307.414201,120.374400,192444.453125,0.311778,2590.071285
mnist-784-euclidean,HNSW,ef=40,10,0.995660,6815.647636,146.721200,192444.453125,0.311778,2124.970876
mnist-784-euclidean,HNSW,ef=60,10,0.998180,5119.889902,195.316700,192444.453125,0.311778,1596.270452
mnist-784-euclidean,HNSW,ef=80,10,0.998960,4153.660517,240.751500,192444.453125,0.311778,1295.021119
mnist-784-euclidean,HNSW,ef=100,10,0.999430,3526.347991,283.579500,192444.453125,0.311778,1099.438700
mnist-784-euclidean,FaissHNSW,ef=10,1,0.965900,19247.796127,51.954000,192204.369141,0.312168,6008.540663
mnist-784-euclidean,FaissHNSW,ef=20,1,0.990700,12786.268570,78.208900,192204.369141,0.312168,3991.460328
mnist-784-euclidean,FaissHNSW,ef=30,1,0.994800,9722.254630,102.856800,192204.369141,0.312168,3034.974077
mnist-784-euclidean,FaissHNSW,ef=40,1,0.996800,7947.059866,125.832700,192204.369141,0.312168,2480.815572
mnist-784-euclidean,FaissHNSW,ef=60,1,0.998300,5936.321084,168.454500,192204.369141,0.312168,1853.127828
mnist-784-euclidean,FaissHNSW,ef=80,1,0.998900,4793.158437,208.630700,192204.369141,0.312168,1496.269349
mnist-784-euclidean,FaissHNSW,ef=100,1,0.999200,4056.523600,246.516500,192204.369141,0.312168,1266.315730
mnist-784-euclidean,FaissHNSW,ef=10,10,0.927600,18965.687279,52.726800,192204.369141,0.312168,5920.475387
mnist-784-euclidean,FaissHNSW,ef=20,10,0.979780,12641.186249,79.106500,192204.369141,0.312168,3946.170310
mnist-784-euclidean,FaissHNSW,ef=30,10,0.990650,9622.018257,103.928300,192204.369141,0.312168,3003.683517
mnist-784-euclidean,FaissHNSW,ef=40,10,0.994950,7878.426426,126.928900,192204.369141,0.312168,2459.390427
mnist-784-euclidean,FaissHNSW,ef=60,10,0.997730,5894.506026,169.649500,192204.369141,0.312168,1840.074516
mnist-784-euclidean,FaissHNSW,ef=80,10,0.998690,4765.308554,209.850000,192204.369141,0.312168,1487.575514
mnist-784-euclidean,FaissHNSW,ef=100,10,0.999150,4036.721246,247.725800,192204.369141,0.312168,1260.134074
mnist-784-euclidean,IVF,nprobe=1,1,0.548800,39890.540357,25.068600,187362.885742,0.320234,12774.314464
mnist-784-euclidean,IVF,nprobe=2,1,0.744800,26972.207837,37.075200,187362.885742,0.320234,8637.422848
mnist-784-euclidean,IVF,nprobe=4,1,0.893500,16294.951661,61.368700,187362.885742,0.320234,5218.200477
mnist-784-euclidean,IVF,nprobe=6,1,0.945500,11686.830345,85.566400,187362.885742,0.320234,3742.522527
mnist-784-euclidean,IVF,nprobe=8,1,0.967900,9131.185922,109.514800,187362.885742,0.320234,2924.117832
mnist-784-euclidean,IVF,nprobe=10,1,0.978700,7486.408426,133.575400,187362.885742,0.320234,2397.403860
mnist-784-euclidean,IVF,nprobe=15,1,0.990400,5166.879887,193.540400,187362.885742,0.320234,1654.611541
mnist-784-euclidean,IVF,nprobe=20,1,0.994800,3928.282139,254.564200,187362.885742,0.320234,1257.970208
mnist-784-euclidean,IVF,nprobe=25,1,0.997100,3171.047575,315.353200,187362.885742,0.320234,1015.477818
mnist-784-euclidean,IVF,nprobe=30,1,0.998000,2654.867022,376.666700,187362.885742,0.320234,850.179163
mnist-784-euclidean,IVF,nprobe=40,1,0.999000,2004.965096,498.761800,187362.885742,0.320234,642.058352
mnist-784-euclidean,IVF,nprobe=50,1,0.999400,1613.273238,619.857800,187362.885742,0.320234,516.625232
mnist-784-euclidean,IVF,nprobe=1,10,0.439410,40017.928032,24.988800,187362.885742,0.320234,12815.108352
mnist-784-euclidean,IVF,nprobe=2,10,0.634140,26073.375694,38.353300,187362.885742,0.320234,8349.586074
mnist-784-euclidean,IVF,nprobe=4,10,0.818100,15916.343698,62.828500,187362.885742,0.320234,5096.957266
mnist-784-euclidean,IVF,nprobe=6,10,0.896860,11474.535138,87.149500,187362.885742,0.320234,3674.538346
mnist-784-euclidean,IVF,nprobe=8,10,0.934920,8998.308318,111.132000,187362.885742,0.320234,2881.565882
mnist-784-euclidean,IVF,nprobe=10,10,0.956130,7398.436119,135.163700,187362.885742,0.320234,2369.232121
mnist-784-euclidean,IVF,nprobe=15,10,0.980000,5125.371718,195.107800,187362.885742,0.320234,1641.319207
mnist-784-euclidean,IVF,nprobe=20,10,0.988530,3904.293278,256.128300,187362.885742,0.320234,1250.288155
mnist-784-euclidean,IVF,nprobe=25,10,0.992840,3154.308454,317.026700,187362.885742,0.320234,1010.117380
mnist-784-euclidean,IVF,nprobe=30,10,0.995060,2643.712195,378.256000,187362.885742,0.320234,846.607006
mnist-784-euclidean,IVF,nprobe=40,10,0.997390,1998.471968,500.382300,187362.885742,0.320234,639.979031
mnist-784-euclidean,IVF,nprobe=50,10,0.998350,1609.292182,621.391200,187362.885742,0.320234,515.350362
mnist-784-euclidean,IVF,nprobe=60,10,0.998900,1347.891096,741.899700,187362.885742,0.320234,431.640799
mnist-784-euclidean,IVF,nprobe=80,10,0.999520,1020.536147,979.877100,187362.885742,0.320234,326.810556
mnist-784-euclidean,NSG,1,1,0.458500,42789.718486,23.370100,187386.320312,0.320194,13701.016728
mnist-784-euclidean,NSG,2,1,0.680500,31223.460059,32.027200,187386.320312,0.320194,9997.568661
mnist-784-euclidean,NSG,4,1,0.849900,23334.881214,42.854300,187386.320312,0.320194,7471.692013
mnist-784-euclidean,NSG,6,1,0.911500,19726.394903,50.693500,187386.320312,0.320194,6316.275874
mnist-784-euclidean,NSG,8,1,0.948100,17641.008995,56.686100,187386.320312,0.320194,5648.547546
mnist-784-euclidean,NSG,10,1,0.964600,16112.140498,62.065000,187386.320312,0.320194,5159.012826
mnist-784-euclidean,NSG,15,1,0.983300,13452.576976,74.335200,187386.320312,0.320194,4307.436195
mnist-784-euclidean,NSG,20,1,0.990300,11539.828564,86.656400,187386.320312,0.320194,3694.985379
mnist-784-euclidean,NSG,25,1,0.993200,10034.407985,99.657100,187386.320312,0.320194,3212.958545
mnist-784-euclidean,NSG,30,1,0.995200,8918.689202,112.124100,187386.320312,0.320194,2855.711939
mnist-784-euclidean,NSG,40,1,0.997200,7632.172047,131.024300,187386.320312,0.320194,2443.776697
mnist-784-euclidean,NSG,50,1,0.998000,6587.307181,151.807100,187386.320312,0.320194,2109.217099
mnist-784-euclidean,NSG,60,1,0.998700,5807.318964,172.196500,187386.320312,0.320194,1859.469449
mnist-784-euclidean,NSG,80,1,0.999100,4713.821538,212.142100,187386.320312,0.320194,1509.337991
mnist-784-euclidean,NSG,10,10,0.929450,16041.888579,62.336800,187386.320312,0.320194,5136.518574
mnist-784-euclidean,NSG,15,10,0.966100,13426.531363,74.479400,187386.320312,0.320194,4299.096543
mnist-784-euclidean,NSG,20,10,0.980380,11521.321357,86.795600,187386.320312,0.320194,3689.059480
mnist-784-euclidean,NSG,25,10,0.987350,10030.341784,99.697500,187386.320312,0.320194,3211.656571
mnist-784-euclidean,NSG,30,10,0.991000,8913.601353,112.188100,187386.320312,0.320194,2854.082840
mnist-784-euclidean,NSG,40,10,0.995050,7628.992920,131.078900,187386.320312,0.320194,2442.758759
mnist-784-euclidean,NSG,50,10,0.996520,6584.956141,151.861300,187386.320312,0.320194,2108.464309
mnist-784-euclidean,NSG,60,10,0.997520,5805.562425,172.248600,187386.320312,0.320194,1858.907016
mnist-784-euclidean,NSG,80,10,0.998370,4711.622772,212.241100,187386.320312,0.320194,1508.633959
mnist-784-euclidean,NSG,100,10,0.999010,4000.028800,249.998200,187386.320312,0.320194,1280.785746
mnist-784-euclidean,HNSWPQ_2,ef=10,1,0.935700,2312.615689,432.410800,32207.159180,1.862940,4308.263903
mnist-784-euclidean,HNSWPQ_2,ef=20,1,0.960400,2054.915564,486.638000,32207.159180,1.862940,3828.184073
mnist-784-euclidean,HNSWPQ_2,ef=30,1,0.964300,1861.431675,537.220900,32207.159180,1.862940,3467.735230
mnist-784-euclidean,HNSWPQ_2,ef=40,1,0.966000,1711.998680,584.112600,32207.159180,1.862940,3189.350548
mnist-784-euclidean,HNSWPQ_2,ef=60,1,0.967700,1492.280508,670.115300,32207.159180,1.862940,2780.028811
mnist-784-euclidean,HNSWPQ_2,ef=80,1,0.968400,1327.656628,753.206800,32207.159180,1.862940,2473.344427
mnist-784-euclidean,HNSWPQ_2,ef=100,1,0.968600,1220.611043,819.261800,32207.159180,1.862940,2273.924942
mnist-784-euclidean,HNSWPQ_2,ef=150,1,0.968800,1012.941031,987.224300,32207.159180,1.862940,1887.048203
mnist-784-euclidean,HNSWPQ_2,ef=200,1,0.968900,876.644234,1140.713600,32207.159180,1.862940,1633.135470
mnist-784-euclidean,HNSWPQ_2,ef=250,1,0.968900,777.472033,1286.219900,32207.159180,1.862940,1448.383625
mnist-784-euclidean,HNSWPQ_2,ef=300,1,0.969000,702.469821,1423.548700,32207.159180,1.862940,1308.659016
mnist-784-euclidean,HNSWPQ_2,ef=350,1,0.969100,642.306053,1556.890200,32207.159180,1.862940,1196.577537
mnist-784-euclidean,HNSWPQ_2,ef=400,1,0.969200,593.154745,1685.900700,32207.159180,1.862940,1105.011607
mnist-784-euclidean,HNSWPQ_2,ef=500,1,0.969200,515.985941,1938.037300,32207.159180,1.862940,961.250767
mnist-784-euclidean,HNSWPQ_2,ef=10,10,0.916150,2317.888163,431.427200,32207.159180,1.862940,4318.086205
mnist-784-euclidean,HNSWPQ_2,ef=20,10,0.961130,2055.566062,486.484000,32207.159180,1.862940,3829.395912
mnist-784-euclidean,HNSWPQ_2,ef=30,10,0.970410,1862.133935,537.018300,32207.159180,1.862940,3469.043496
mnist-784-euclidean,HNSWPQ_2,ef=40,10,0.973840,1713.229092,583.693100,32207.159180,1.862940,3191.642733
mnist-784-euclidean,HNSWPQ_2,ef=60,10,0.976000,1494.347928,669.188200,32207.159180,1.862940,2783.880291
mnist-784-euclidean,HNSWPQ_2,ef=80,10,0.976650,1338.411803,747.154200,32207.159180,1.862940,2493.380672
mnist-784-euclidean,HNSWPQ_2,ef=100,10,0.977000,1218.744832,820.516300,32207.159180,1.862940,2270.448303
mnist-784-euclidean,HNSWPQ_2,ef=150,10,0.977270,1011.901070,988.238900,32207.159180,1.862940,1885.110818
mnist-784-euclidean,HNSWPQ_2,ef=200,10,0.977340,875.720159,1141.917300,32207.159180,1.862940,1631.413975
mnist-784-euclidean,HNSWPQ_2,ef=250,10,0.977380,776.951636,1287.081400,32207.159180,1.862940,1447.414158
mnist-784-euclidean,HNSWPQ_2,ef=300,10,0.977490,701.908362,1424.687400,32207.159180,1.862940,1307.613053
mnist-784-euclidean,HNSWPQ_2,ef=350,10,0.977500,641.885686,1557.909800,32207.159180,1.862940,1195.794417
mnist-784-euclidean,HNSWPQ_2,ef=400,10,0.977510,592.759479,1687.024900,32207.159180,1.862940,1104.275249
mnist-784-euclidean,HNSWPQ_2,ef=500,10,0.977520,515.669361,1939.227100,32207.159180,1.862940,960.660998
mnist-784-euclidean,HNSWSQ_8,ef=10,1,0.957200,18781.106207,53.245000,54398.029297,1.102981,20715.205808
mnist-784-euclidean,HNSWSQ_8,ef=20,1,0.980800,12941.331767,77.271800,54398.029297,1.102981,14274.044778
mnist-784-euclidean,HNSWSQ_8,ef=30,1,0.984300,10035.606331,99.645200,54398.029297,1.102981,11069.084444
mnist-784-euclidean,HNSWSQ_8,ef=40,1,0.985600,8285.978964,120.685800,54398.029297,1.102981,9139.278467
mnist-784-euclidean,HNSWSQ_8,ef=60,1,0.987300,6268.841788,159.519100,54398.029297,1.102981,6914.414219
mnist-784-euclidean,HNSWSQ_8,ef=80,1,0.988100,5119.871553,195.317400,54398.029297,1.102981,5647.121727
mnist-784-euclidean,HNSWSQ_8,ef=100,1,0.988100,4357.486445,229.490100,54398.029297,1.102981,4806.225337
mnist-784-euclidean,HNSWSQ_8,ef=150,1,0.988300,3243.833796,308.277200,54398.029297,1.102981,3577.887477
mnist-784-euclidean,HNSWSQ_8,ef=200,1,0.988300,2617.780489,382.003000,54398.029297,1.102981,2887.362490
mnist-784-euclidean,HNSWSQ_8,ef=250,1,0.988400,2210.703475,452.344700,54398.029297,1.102981,2438.364224
mnist-784-euclidean,HNSWSQ_8,ef=300,1,0.988500,1921.674470,520.379500,54398.029297,1.102981,2119.570685
mnist-784-euclidean,HNSWSQ_8,ef=350,1,0.988600,1701.487032,587.721200,54398.029297,1.102981,1876.708094
mnist-784-euclidean,HNSWSQ_8,ef=400,1,0.988600,1531.613342,652.906300,54398.029297,1.102981,1689.340619
mnist-784-euclidean,HNSWSQ_8,ef=500,1,0.988600,1273.471837,785.254900,54398.029297,1.102981,1404.615410
mnist-784-euclidean,HNSWSQ_8,ef=10,10,0.924590,18631.862348,53.671500,54398.029297,1.102981,20550.592647
mnist-784-euclidean,HNSWSQ_8,ef=20,10,0.972850,12762.427414,78.355000,54398.029297,1.102981,14076.716652
mnist-784-euclidean,HNSWSQ_8,ef=30,10,0.983450,9896.443614,101.046400,54398.029297,1.102981,10915.590592
mnist-784-euclidean,HNSWSQ_8,ef=40,10,0.987240,8181.538522,122.226400,54398.029297,1.102981,9024.082631
mnist-784-euclidean,HNSWSQ_8,ef=60,10,0.989830,6200.389136,161.280200,54398.029297,1.102981,6838.912236
mnist-784-euclidean,HNSWSQ_8,ef=80,10,0.990520,5073.265565,197.111700,54398.029297,1.102981,5595.716202
mnist-784-euclidean,HNSWSQ_8,ef=100,10,0.990840,4327.262184,231.093000,54398.029297,1.102981,4772.888548
mnist-784-euclidean,HNSWSQ_8,ef=150,10,0.991100,3224.441785,310.131200,54398.029297,1.102981,3556.498454
mnist-784-euclidean,HNSWSQ_8,ef=200,10,0.991230,2605.056728,383.868800,54398.029297,1.102981,2873.328422
mnist-784-euclidean,HNSWSQ_8,ef=250,10,0.991260,2200.173550,454.509600,54398.029297,1.102981,2426.749915
mnist-784-euclidean,HNSWSQ_8,ef=300,10,0.991400,1913.899774,522.493400,54398.029297,1.102981,2110.995341
mnist-784-euclidean,HNSWSQ_8,ef=350,10,0.991410,1696.137623,589.574800,54398.029297,1.102981,1870.807798
mnist-784-euclidean,HNSWSQ_8,ef=400,10,0.991420,1526.356591,655.154900,54398.029297,1.102981,1683.542523
mnist-784-euclidean,HNSWSQ_8,ef=500,10,0.991430,1269.856750,787.490400,54398.029297,1.102981,1400.628037
mnist-784-euclidean,HNSWPQ_1,ef=10,1,0.963900,827.931152,1207.829900,55175.909180,1.087431,900.318089
mnist-784-euclidean,HNSWPQ_1,ef=20,1,0.986400,759.741077,1316.237900,55175.909180,1.087431,826.166081
mnist-784-euclidean,HNSWPQ_1,ef=30,1,0.990000,706.687211,1415.053200,55175.909180,1.087431,768.473657
mnist-784-euclidean,HNSWPQ_1,ef=40,1,0.991500,663.672927,1506.766300,55175.909180,1.087431,721.698585
mnist-784-euclidean,HNSWPQ_1,ef=60,1,0.992700,597.535048,1673.542000,55175.909180,1.087431,649.778199
mnist-784-euclidean,HNSWPQ_1,ef=80,1,0.993300,547.821113,1825.413400,55175.909180,1.087431,595.717719
mnist-784-euclidean,HNSWPQ_1,ef=100,1,0.993400,508.100520,1968.114500,55175.909180,1.087431,552.524310
mnist-784-euclidean,HNSWPQ_1,ef=150,1,0.993900,435.854584,2294.343200,55175.909180,1.087431,473.961832
mnist-784-euclidean,HNSWPQ_1,ef=200,1,0.994100,385.776438,2592.174900,55175.909180,1.087431,419.505299
mnist-784-euclidean,HNSWPQ_1,ef=250,1,0.994100,348.449296,2869.858000,55175.909180,1.087431,378.914604
mnist-784-euclidean,HNSWPQ_1,ef=300,1,0.994100,319.395061,3130.918800,55175.909180,1.087431,347.320124
mnist-784-euclidean,HNSWPQ_1,ef=350,1,0.994200,295.812321,3380.521800,55175.909180,1.087431,321.675520
mnist-784-euclidean,HNSWPQ_1,ef=400,1,0.994300,275.697213,3627.167600,55175.909180,1.087431,299.801726
mnist-784-euclidean,HNSWPQ_1,ef=500,1,0.994300,243.931705,4099.508100,55175.909180,1.087431,265.258924
mnist-784-euclidean,HNSWPQ_1,ef=10,10,0.927070,830.753014,1203.727200,55175.909180,1.087431,903.386670
mnist-784-euclidean,HNSWPQ_1,ef=20,10,0.977330,761.568453,1313.079600,55175.909180,1.087431,828.153226
mnist-784-euclidean,HNSWPQ_1,ef=30,10,0.988170,708.427525,1411.577000,55175.909180,1.087431,770.366127
mnist-784-euclidean,HNSWPQ_1,ef=40,10,0.991800,665.353658,1502.960100,55175.909180,1.087431,723.526265
mnist-784-euclidean,HNSWPQ_1,ef=60,10,0.994440,599.118242,1669.119600,55175.909180,1.087431,651.499813
mnist-784-euclidean,HNSWPQ_1,ef=80,10,0.995140,549.170895,1820.926800,55175.909180,1.087431,597.185514
mnist-784-euclidean,HNSWPQ_1,ef=100,10,0.995440,509.516962,1962.643200,55175.909180,1.087431,554.064594
mnist-784-euclidean,HNSWPQ_1,ef=150,10,0.995840,436.749234,2289.643400,55175.909180,1.087431,474.934703
mnist-784-euclidean,HNSWPQ_1,ef=200,10,0.996100,386.909655,2584.582700,55175.909180,1.087431,420.737594
mnist-784-euclidean,HNSWPQ_1,ef=250,10,0.996110,349.456279,2861.588300,55175.909180,1.087431,380.009629
mnist-784-euclidean,HNSWPQ_1,ef=300,10,0.996130,319.977361,3125.221100,55175.909180,1.087431,347.953336
mnist-784-euclidean,HNSWPQ_1,ef=350,10,0.996250,296.026627,3378.074500,55175.909180,1.087431,321.908563
mnist-784-euclidean,HNSWPQ_1,ef=400,10,0.996260,276.034993,3622.729100,55175.909180,1.087431,300.169037
mnist-784-euclidean,HNSWPQ_1,ef=500,10,0.996260,244.223062,4094.617400,55175.909180,1.087431,265.575755
mnist-784-euclidean,HNSWSQ_4,ef=10,1,0.896300,3949.863591,253.173300,31429.279297,1.909048,7540.478840
mnist-784-euclidean,HNSWSQ_4,ef=20,1,0.927600,2830.313106,353.317800,31429.279297,1.909048,5403.203324
mnist-784-euclidean,HNSWSQ_4,ef=30,1,0.936100,2245.155236,445.403500,31429.279297,1.909048,4286.108913
mnist-784-euclidean,HNSWSQ_4,ef=40,1,0.939200,1880.065366,531.896400,31429.279297,1.909048,3589.134861
mnist-784-euclidean,HNSWSQ_4,ef=60,1,0.940600,1447.499344,690.846600,31429.279297,1.909048,2763.345599
mnist-784-euclidean,HNSWSQ_4,ef=80,1,0.941700,1194.477833,837.185900,31429.279297,1.909048,2280.315413
mnist-784-euclidean,HNSWSQ_4,ef=100,1,0.941900,1025.524274,975.111000,31429.279297,1.909048,1957.774973
mnist-784-euclidean,HNSWSQ_4,ef=150,1,0.942500,774.464361,1291.215000,31429.279297,1.909048,1478.489571
mnist-784-euclidean,HNSWSQ_4,ef=200,1,0.942500,632.917041,1579.985900,31429.279297,1.909048,1208.268954
mnist-784-euclidean,HNSWSQ_4,ef=250,1,0.942800,539.991617,1851.880600,31429.279297,1.909048,1030.869869
mnist-784-euclidean,HNSWSQ_4,ef=300,1,0.942900,473.869598,2110.285200,31429.279297,1.909048,904.639767
mnist-784-euclidean,HNSWSQ_4,ef=350,1,0.942900,423.782738,2359.699700,31429.279297,1.909048,809.021551
mnist-784-euclidean,HNSWSQ_4,ef=400,1,0.942900,384.610266,2600.034600,31429.279297,1.909048,734.239426
mnist-784-euclidean,HNSWSQ_4,ef=500,1,0.942900,326.014131,3067.351700,31429.279297,1.909048,622.376597
mnist-784-euclidean,HNSWSQ_4,ef=10,10,0.873410,3934.114596,254.186800,31429.279297,1.909048,7510.413253
mnist-784-euclidean,HNSWSQ_4,ef=20,10,0.931590,2818.928655,354.744700,31429.279297,1.909048,5381.469861
mnist-784-euclidean,HNSWSQ_4,ef=30,10,0.945990,2236.706137,447.086000,31429.279297,1.909048,4269.979180
mnist-784-euclidean,HNSWSQ_4,ef=40,10,0.951250,1872.870663,533.939700,31429.279297,1.909048,3575.399828
mnist-784-euclidean,HNSWSQ_4,ef=60,10,0.954320,1442.854451,693.070600,31429.279297,1.909048,2754.478276
mnist-784-euclidean,HNSWSQ_4,ef=80,10,0.955590,1191.096270,839.562700,31429.279297,1.909048,2273.859846
mnist-784-euclidean,HNSWSQ_4,ef=100,10,0.956030,1023.160151,977.364100,31429.279297,1.909048,1953.261749
mnist-784-euclidean,HNSWSQ_4,ef=150,10,0.956640,773.244742,1293.251600,31429.279297,1.909048,1476.161260
mnist-784-euclidean,HNSWSQ_4,ef=200,10,0.956840,632.043173,1582.170400,31429.279297,1.909048,1206.600700
mnist-784-euclidean,HNSWSQ_4,ef=250,10,0.957050,539.333396,1854.140700,31429.279297,1.909048,1029.613293
mnist-784-euclidean,HNSWSQ_4,ef=300,10,0.957060,473.327879,2112.700400,31429.279297,1.909048,903.605599
mnist-784-euclidean,HNSWSQ_4,ef=350,10,0.957080,423.356242,2362.076900,31429.279297,1.909048,808.207350
mnist-784-euclidean,HNSWSQ_4,ef=400,10,0.957120,384.214353,2602.713800,31429.279297,1.909048,733.483609
mnist-784-euclidean,HNSWSQ_4,ef=500,10,0.957140,325.813376,3069.241700,31429.279297,1.909048,621.993345
sift-128-euclidean,HNSWALP0.000000,ef=10,1,0.783000,5508.922526,181.523700,230564.750000,4.337176,23893.168953
sift-128-euclidean,HNSWALP0.000000,ef=20,1,0.883400,3529.843236,283.298700,230564.750000,4.337176,15309.552896
sift-128-euclidean,HNSWALP0.000000,ef=30,1,0.927200,2638.261386,379.037500,230564.750000,4.337176,11442.605107
sift-128-euclidean,HNSWALP0.000000,ef=40,1,0.949200,2116.180869,472.549400,230564.750000,4.337176,9178.249794
sift-128-euclidean,HNSWALP0.000000,ef=60,1,0.971300,1529.204674,653.934700,230564.750000,4.337176,6632.430475
sift-128-euclidean,HNSWALP0.000000,ef=80,1,0.981000,1205.346289,829.637100,230564.750000,4.337176,5227.799520
sift-128-euclidean,HNSWALP0.000000,ef=100,1,0.984900,1000.391353,999.608800,230564.750000,4.337176,4338.873801
sift-128-euclidean,HNSWALP0.000000,ef=150,1,0.988700,710.825164,1406.815700,230564.750000,4.337176,3082.974147
sift-128-euclidean,HNSWALP0.000000,ef=200,1,0.990800,557.670366,1793.174000,230564.750000,4.337176,2418.714767
sift-128-euclidean,HNSWALP0.000000,ef=250,1,0.992300,461.763362,2165.611400,230564.750000,4.337176,2002.749170
sift-128-euclidean,HNSWALP0.000000,ef=300,1,0.991000,396.086852,2524.698800,230564.750000,4.337176,1717.898560
sift-128-euclidean,HNSWALP0.000000,ef=350,1,0.990500,348.206983,2871.855100,230564.750000,4.337176,1510.235121
sift-128-euclidean,HNSWALP0.000000,ef=400,1,0.991800,311.485327,3210.424100,230564.750000,4.337176,1350.966819
sift-128-euclidean,HNSWALP0.000000,ef=500,1,0.992700,258.786715,3864.186000,230564.750000,4.337176,1122.403640
sift-128-euclidean,HNSWALP0.000000,ef=10,10,0.707920,5494.499457,182.000200,230564.750000,4.337176,23830.613555
sift-128-euclidean,HNSWALP0.000000,ef=20,10,0.837040,3510.740408,284.840200,230564.750000,4.337176,15226.700561
sift-128-euclidean,HNSWALP0.000000,ef=30,10,0.895010,2627.060403,380.653600,230564.750000,4.337176,11394.024470
sift-128-euclidean,HNSWALP0.000000,ef=40,10,0.927580,2108.003118,474.382600,230564.750000,4.337176,9142.781445
sift-128-euclidean,HNSWALP0.000000,ef=60,10,0.959840,1525.759473,655.411300,230564.750000,4.337176,6617.488031
sift-128-euclidean,HNSWALP0.000000,ef=80,10,0.975660,1203.615227,830.830300,230564.750000,4.337176,5220.291596
sift-128-euclidean,HNSWALP0.000000,ef=100,10,0.983310,998.854813,1001.146500,230564.750000,4.337176,4332.209555
sift-128-euclidean,HNSWALP0.000000,ef=150,10,0.992190,710.000758,1408.449200,230564.750000,4.337176,3079.398556
sift-128-euclidean,HNSWALP0.000000,ef=200,10,0.995130,556.984530,1795.382000,230564.750000,4.337176,2415.740178
sift-128-euclidean,HNSWALP0.000000,ef=250,10,0.997060,461.592716,2166.412000,230564.750000,4.337176,2002.009051
sift-128-euclidean,HNSWALP0.000000,ef=300,10,0.997880,396.142099,2524.346700,230564.750000,4.337176,1718.138175
sift-128-euclidean,HNSWALP0.000000,ef=350,10,0.998390,348.247291,2871.522700,230564.750000,4.337176,1510.409941
sift-128-euclidean,HNSWALP0.000000,ef=400,10,0.998640,311.535777,3209.904200,230564.750000,4.337176,1351.185631
sift-128-euclidean,HNSWALP0.000000,ef=500,10,0.999050,258.837261,3863.431400,230564.750000,4.337176,1122.622867
sift-128-euclidean,HNSWALP0.100000,ef=10,1,0.743100,21767.807155,45.939400,230564.750000,4.337176,94410.820191
sift-128-euclidean,HNSWALP0.100000,ef=20,1,0.849400,15341.564594,65.182400,230564.750000,4.337176,66539.072404
sift-128-euclidean,HNSWALP0.100000,ef=30,1,0.895800,11707.476980,85.415500,230564.750000,4.337176,50777.393249
sift-128-euclidean,HNSWALP0.100000,ef=40,1,0.916600,9493.070059,105.340000,230564.750000,4.337176,41173.119737
sift-128-euclidean,HNSWALP0.100000,ef=60,1,0.941600,6876.689947,145.418800,230564.750000,4.337176,29825.417574
sift-128-euclidean,HNSWALP0.100000,ef=80,1,0.953100,5381.082911,185.836200,230564.750000,4.337176,23338.705985
sift-128-euclidean,HNSWALP0.100000,ef=100,1,0.957500,4424.115144,226.033900,230564.750000,4.337176,19188.167939
sift-128-euclidean,HNSWALP0.100000,ef=150,1,0.964700,3057.075601,327.110000,230564.750000,4.337176,13259.076253
sift-128-euclidean,HNSWALP0.100000,ef=200,1,0.968600,2334.455584,428.365400,230564.750000,4.337176,10124.945743
sift-128-euclidean,HNSWALP0.100000,ef=250,1,0.969300,1888.104864,529.631600,230564.750000,4.337176,8189.043919
sift-128-euclidean,HNSWALP0.100000,ef=300,1,0.970100,1586.505816,630.316000,230564.750000,4.337176,6880.955637
sift-128-euclidean,HNSWALP0.100000,ef=350,1,0.970700,1368.503321,730.725300,230564.750000,4.337176,5935.440354
sift-128-euclidean,HNSWALP0.100000,ef=400,1,0.969100,1201.967717,831.969100,230564.750000,4.337176,5213.146057
sift-128-euclidean,HNSWALP0.100000,ef=500,1,0.971900,967.350564,1033.751400,230564.750000,4.337176,4195.570069
sift-128-euclidean,HNSWALP0.100000,ef=10,10,0.562500,21801.596749,45.868200,230564.750000,4.337176,94557.371623
sift-128-euclidean,HNSWALP0.100000,ef=20,10,0.683420,15133.400929,66.079000,230564.750000,4.337176,65636.229863
sift-128-euclidean,HNSWALP0.100000,ef=30,10,0.741940,11658.136797,85.777000,230564.750000,4.337176,50563.396168
sift-128-euclidean,HNSWALP0.100000,ef=40,10,0.774960,9432.538485,106.016000,230564.750000,4.337176,40910.583620
sift-128-euclidean,HNSWALP0.100000,ef=60,10,0.811080,6844.158511,146.110000,230564.750000,4.337176,29684.322997
sift-128-euclidean,HNSWALP0.100000,ef=80,10,0.829900,5365.572555,186.373400,230564.750000,4.337176,23271.434835
sift-128-euclidean,HNSWALP0.100000,ef=100,10,0.840250,4406.078273,226.959200,230564.750000,4.337176,19109.938848
sift-128-euclidean,HNSWALP0.100000,ef=150,10,0.853580,3049.005445,327.975800,230564.750000,4.337176,13224.074560
sift-128-euclidean,HNSWALP0.100000,ef=200,10,0.858740,2329.958466,429.192200,230564.750000,4.337176,10105.440949
sift-128-euclidean,HNSWALP0.100000,ef=250,10,0.861610,1886.244018,530.154100,230564.750000,4.337176,8180.973104
sift-128-euclidean,HNSWALP0.100000,ef=300,10,0.862990,1585.218912,630.827700,230564.750000,4.337176,6875.374105
sift-128-euclidean,HNSWALP0.100000,ef=350,10,0.863920,1367.386919,731.321900,230564.750000,4.337176,5930.598322
sift-128-euclidean,HNSWALP0.100000,ef=400,10,0.864620,1201.461843,832.319400,230564.750000,4.337176,5210.951989
sift-128-euclidean,HNSWALP0.100000,ef=500,10,0.865530,967.226310,1033.884200,230564.750000,4.337176,4195.031158
sift-128-euclidean,HNSWALP0.200000,ef=10,1,0.773200,15915.406432,62.832200,230564.750000,4.337176,69027.925699
sift-128-euclidean,HNSWALP0.200000,ef=20,1,0.875500,10934.805596,91.451100,230564.750000,4.337176,47426.181129
sift-128-euclidean,HNSWALP0.200000,ef=30,1,0.917700,8409.474114,118.913500,230564.750000,4.337176,36473.372940
sift-128-euclidean,HNSWALP0.200000,ef=40,1,0.940300,6831.063030,146.390100,230564.750000,4.337176,29627.525585
sift-128-euclidean,HNSWALP0.200000,ef=60,1,0.961600,4999.467557,200.021300,230564.750000,4.337176,21683.572865
sift-128-euclidean,HNSWALP0.200000,ef=80,1,0.972500,3961.637091,252.420900,230564.750000,4.337176,17182.319028
sift-128-euclidean,HNSWALP0.200000,ef=100,1,0.976600,3283.162237,304.584400,230564.750000,4.337176,14239.653879
sift-128-euclidean,HNSWALP0.200000,ef=150,1,0.983400,2313.826618,432.184500,230564.750000,4.337176,10035.474278
sift-128-euclidean,HNSWALP0.200000,ef=200,1,0.984200,1796.439027,556.656800,230564.750000,4.337176,7791.473010
sift-128-euclidean,HNSWALP0.200000,ef=250,1,0.983900,1474.546525,678.174600,230564.750000,4.337176,6395.368439
sift-128-euclidean,HNSWALP0.200000,ef=300,1,0.985800,1252.252489,798.561000,230564.750000,4.337176,5431.239984
sift-128-euclidean,HNSWALP0.200000,ef=350,1,0.985700,1090.613872,916.914800,230564.750000,4.337176,4730.184782
sift-128-euclidean,HNSWALP0.200000,ef=400,1,0.985200,966.546193,1034.611700,230564.750000,4.337176,4192.081370
sift-128-euclidean,HNSWALP0.200000,ef=500,1,0.986000,789.099879,1267.266700,230564.750000,4.337176,3422.465400
sift-128-euclidean,HNSWALP0.200000,ef=10,10,0.657290,15842.487651,63.121400,230564.750000,4.337176,68711.664080
sift-128-euclidean,HNSWALP0.200000,ef=20,10,0.784130,10860.121633,92.080000,230564.750000,4.337176,47102.263609
sift-128-euclidean,HNSWALP0.200000,ef=30,10,0.841490,8357.654107,119.650800,230564.750000,4.337176,36248.620428
sift-128-euclidean,HNSWALP0.200000,ef=40,10,0.874130,6806.462328,146.919200,230564.750000,4.337176,29520.828000
sift-128-euclidean,HNSWALP0.200000,ef=60,10,0.907470,4990.587752,200.377200,230564.750000,4.337176,21645.059583
sift-128-euclidean,HNSWALP0.200000,ef=80,10,0.923680,3947.767873,253.307700,230564.750000,4.337176,17122.165781
sift-128-euclidean,HNSWALP0.200000,ef=100,10,0.932260,3276.383240,305.214600,230564.750000,4.337176,14210.252174
sift-128-euclidean,HNSWALP0.200000,ef=150,10,0.942230,2311.050798,432.703600,230564.750000,4.337176,10023.435056
sift-128-euclidean,HNSWALP0.200000,ef=200,10,0.946590,1796.493891,556.639800,230564.750000,4.337176,7791.710965
sift-128-euclidean,HNSWALP0.200000,ef=250,10,0.948360,1474.059428,678.398700,230564.750000,4.337176,6393.255814
sift-128-euclidean,HNSWALP0.200000,ef=300,10,0.949520,1253.325543,797.877300,230564.750000,4.337176,5435.894007
sift-128-euclidean,HNSWALP0.200000,ef=350,10,0.950070,1090.934401,916.645400,230564.750000,4.337176,4731.574972
sift-128-euclidean,HNSWALP0.200000,ef=400,10,0.950440,966.747651,1034.396100,230564.750000,4.337176,4192.955129
sift-128-euclidean,HNSWALP0.200000,ef=500,10,0.950940,789.127029,1267.223100,230564.750000,4.337176,3422.583153
sift-128-euclidean,HNSWALP0.300000,ef=10,1,0.779100,12117.921922,82.522400,230564.750000,4.337176,52557.565377
sift-128-euclidean,HNSWALP0.300000,ef=20,1,0.881700,8176.033267,122.308700,230564.750000,4.337176,35460.898800
sift-128-euclidean,HNSWALP0.300000,ef=30,1,0.925500,6256.001852,159.846500,230564.750000,4.337176,27133.383797
sift-128-euclidean,HNSWALP0.300000,ef=40,1,0.947800,5087.044417,196.577800,230564.750000,4.337176,22063.409160
sift-128-euclidean,HNSWALP0.300000,ef=60,1,0.969000,3726.652985,268.337300,230564.750000,4.337176,16163.151500
sift-128-euclidean,HNSWALP0.300000,ef=80,1,0.979200,2959.973171,337.840900,230564.750000,4.337176,12837.925879
sift-128-euclidean,HNSWALP0.300000,ef=100,1,0.983900,2463.807287,405.875900,230564.750000,4.337176,10685.966900
sift-128-euclidean,HNSWALP0.300000,ef=150,1,0.988400,1750.510274,571.262000,230564.750000,4.337176,7592.271905
sift-128-euclidean,HNSWALP0.300000,ef=200,1,0.989400,1369.484811,730.201600,230564.750000,4.337176,5939.697247
sift-128-euclidean,HNSWALP0.300000,ef=250,1,0.988700,1129.306752,885.499000,230564.750000,4.337176,4898.002633
sift-128-euclidean,HNSWALP0.300000,ef=300,1,0.990200,964.328803,1036.990700,230564.750000,4.337176,4182.464156
sift-128-euclidean,HNSWALP0.300000,ef=350,1,0.991100,844.627695,1183.953600,230564.750000,4.337176,3663.299333
sift-128-euclidean,HNSWALP0.300000,ef=400,1,0.991400,752.156244,1329.511000,230564.750000,4.337176,3262.234335
sift-128-euclidean,HNSWALP0.300000,ef=500,1,0.991000,619.266061,1614.814800,230564.750000,4.337176,2685.866164
sift-128-euclidean,HNSWALP0.300000,ef=10,10,0.690380,12073.707570,82.824600,230564.750000,4.337176,52365.799932
sift-128-euclidean,HNSWALP0.300000,ef=20,10,0.819100,8146.500141,122.752100,230564.750000,4.337176,35332.808425
sift-128-euclidean,HNSWALP0.300000,ef=30,10,0.876740,6238.096931,160.305300,230564.750000,4.337176,27055.726998
sift-128-euclidean,HNSWALP0.300000,ef=40,10,0.909190,5078.263660,196.917700,230564.750000,4.337176,22025.325469
sift-128-euclidean,HNSWALP0.300000,ef=60,10,0.942540,3721.654484,268.697700,230564.750000,4.337176,16141.472119
sift-128-euclidean,HNSWALP0.300000,ef=80,10,0.958060,2955.510697,338.351000,230564.750000,4.337176,12818.571345
sift-128-euclidean,HNSWALP0.300000,ef=100,10,0.966340,2458.507764,406.750800,230564.750000,4.337176,10662.981937
sift-128-euclidean,HNSWALP0.300000,ef=150,10,0.975110,1747.950441,572.098600,230564.750000,4.337176,7581.169458
sift-128-euclidean,HNSWALP0.300000,ef=200,10,0.978700,1367.397577,731.316200,230564.750000,4.337176,5930.644546
sift-128-euclidean,HNSWALP0.300000,ef=250,10,0.980510,1128.014789,886.513200,230564.750000,4.337176,4892.399158
sift-128-euclidean,HNSWALP0.300000,ef=300,10,0.981370,963.378050,1038.014100,230564.750000,4.337176,4178.340577
sift-128-euclidean,HNSWALP0.300000,ef=350,10,0.981780,844.008493,1184.822200,230564.750000,4.337176,3660.613747
sift-128-euclidean,HNSWALP0.300000,ef=400,10,0.982100,751.419356,1330.814800,230564.750000,4.337176,3259.038322
sift-128-euclidean,HNSWALP0.300000,ef=500,10,0.982570,618.723093,1616.231900,230564.750000,4.337176,2683.511217
sift-128-euclidean,HNSWALP0.500000,ef=10,1,0.782800,7842.060894,127.517500,230564.750000,4.337176,34012.401695
sift-128-euclidean,HNSWALP0.500000,ef=20,1,0.883200,5191.172722,192.634700,230564.750000,4.337176,22515.031991
sift-128-euclidean,HNSWALP0.500000,ef=30,1,0.926700,3957.388424,252.691900,230564.750000,4.337176,17163.891811
sift-128-euclidean,HNSWALP0.500000,ef=40,1,0.948900,3211.738003,311.357900,230564.750000,4.337176,13929.874376
sift-128-euclidean,HNSWALP0.500000,ef=60,1,0.971600,2352.069527,425.157500,230564.750000,4.337176,10201.340522
sift-128-euclidean,HNSWALP0.500000,ef=80,1,0.981200,1866.694493,535.706300,230564.750000,4.337176,8096.183362
sift-128-euclidean,HNSWALP0.500000,ef=100,1,0.984700,1557.218596,642.170600,230564.750000,4.337176,6753.931795
sift-128-euclidean,HNSWALP0.500000,ef=150,1,0.988800,1111.783617,899.455600,230564.750000,4.337176,4822.001701
sift-128-euclidean,HNSWALP0.500000,ef=200,1,0.990800,874.311360,1143.757300,230564.750000,4.337176,3792.042624
sift-128-euclidean,HNSWALP0.500000,ef=250,1,0.991300,725.461185,1378.433500,230564.750000,4.337176,3146.453154
sift-128-euclidean,HNSWALP0.500000,ef=300,1,0.992800,622.486012,1606.461800,230564.750000,4.337176,2699.831663
sift-128-euclidean,HNSWALP0.500000,ef=350,1,0.992000,547.710785,1825.781100,230564.750000,4.337176,2375.518310
sift-128-euclidean,HNSWALP0.500000,ef=400,1,0.992800,489.902401,2041.222900,230564.750000,4.337176,2124.793149
sift-128-euclidean,HNSWALP0.500000,ef=500,1,0.993200,406.673827,2458.973100,230564.750000,4.337176,1763.816137
sift-128-euclidean,HNSWALP0.500000,ef=10,10,0.706210,7829.284028,127.725600,230564.750000,4.337176,33956.986173
sift-128-euclidean,HNSWALP0.500000,ef=20,10,0.835570,5181.876078,192.980300,230564.750000,4.337176,22474.710803
sift-128-euclidean,HNSWALP0.500000,ef=30,10,0.893160,3947.074468,253.352200,230564.750000,4.337176,17119.158362
sift-128-euclidean,HNSWALP0.500000,ef=40,10,0.925580,3204.642373,312.047300,230564.750000,4.337176,13899.099377
sift-128-euclidean,HNSWALP0.500000,ef=60,10,0.957920,2348.457557,425.811400,230564.750000,4.337176,10185.674768
sift-128-euclidean,HNSWALP0.500000,ef=80,10,0.973730,1863.631730,536.586700,230564.750000,4.337176,8082.899619
sift-128-euclidean,HNSWALP0.500000,ef=100,10,0.981350,1555.230512,642.991500,230564.750000,4.337176,6745.309126
sift-128-euclidean,HNSWALP0.500000,ef=150,10,0.990230,1110.650191,900.373500,230564.750000,4.337176,4817.085835
sift-128-euclidean,HNSWALP0.500000,ef=200,10,0.993510,873.559359,1144.741900,230564.750000,4.337176,3788.781063
sift-128-euclidean,HNSWALP0.500000,ef=250,10,0.995300,725.072515,1379.172400,230564.750000,4.337176,3144.767422
sift-128-euclidean,HNSWALP0.500000,ef=300,10,0.996080,622.097797,1607.464300,230564.750000,4.337176,2698.147905
sift-128-euclidean,HNSWALP0.500000,ef=350,10,0.996650,547.418903,1826.754600,230564.750000,4.337176,2374.252367
sift-128-euclidean,HNSWALP0.500000,ef=400,10,0.996840,489.627199,2042.370200,230564.750000,4.337176,2123.599548
sift-128-euclidean,HNSWALP0.500000,ef=500,10,0.997020,406.442686,2460.371500,230564.750000,4.337176,1762.813637
sift-128-euclidean,HNSW,ef=10,1,0.784600,31855.554175,31.391700,645083.210938,1.550188,49382.085342
sift-128-euclidean,HNSW,ef=20,1,0.886900,20337.066541,49.171300,645083.210938,1.550188,31526.268543
sift-128-euclidean,HNSW,ef=30,1,0.927800,15171.191727,65.914400,645083.210938,1.550188,23518.193421
sift-128-euclidean,HNSW,ef=40,1,0.950500,12143.453039,82.348900,645083.210938,1.550188,18824.630425
sift-128-euclidean,HNSW,ef=60,1,0.970700,8740.265529,114.413000,645083.210938,1.550188,13549.051318
sift-128-euclidean,HNSW,ef=80,1,0.979000,6852.253089,145.937400,645083.210938,1.550188,10622.277829
sift-128-euclidean,HNSW,ef=100,1,0.985000,5651.285187,176.950900,645083.210938,1.550188,8760.552269
sift-128-euclidean,HNSW,ef=150,1,0.989500,3967.583258,252.042600,645083.210938,1.550188,6150.498402
sift-128-euclidean,HNSW,ef=200,1,0.991200,3078.403552,324.843700,645083.210938,1.550188,4772.103040
sift-128-euclidean,HNSW,ef=250,1,0.992500,2524.715704,396.084200,645083.210938,1.550188,3913.783000
sift-128-euclidean,HNSW,ef=300,1,0.992500,2147.134081,465.737100,645083.210938,1.550188,3328.460645
sift-128-euclidean,HNSW,ef=350,1,0.992000,1872.383227,534.078700,645083.210938,1.550188,2902.545277
sift-128-euclidean,HNSW,ef=400,1,0.992400,1662.478053,601.511700,645083.210938,1.550188,2577.152877
sift-128-euclidean,HNSW,ef=500,1,0.993000,1363.241210,733.545900,645083.210938,1.550188,2113.279630
sift-128-euclidean,HNSW,ef=10,10,0.707500,31557.687453,31.688000,645083.210938,1.550188,48920.336040
sift-128-euclidean,HNSW,ef=20,10,0.835410,20208.429744,49.484300,645083.210938,1.550188,31326.857376
sift-128-euclidean,HNSW,ef=30,10,0.893210,15096.253714,66.241600,645083.210938,1.550188,23402.025441
sift-128-euclidean,HNSW,ef=40,10,0.925050,12093.799509,82.687000,645083.210938,1.550188,18747.658138
sift-128-euclidean,HNSW,ef=60,10,0.958550,8711.499528,114.790800,645083.210938,1.550188,13504.458619
sift-128-euclidean,HNSW,ef=80,10,0.974230,6826.083009,146.496900,645083.210938,1.550188,10581.709295
sift-128-euclidean,HNSW,ef=100,10,0.982660,5639.957520,177.306300,645083.210938,1.550188,8742.992259
sift-128-euclidean,HNSW,ef=150,10,0.991950,3959.787565,252.538800,645083.210938,1.550188,6138.413616
sift-128-euclidean,HNSW,ef=200,10,0.995190,3070.229033,325.708600,645083.210938,1.550188,4759.431002
sift-128-euclidean,HNSW,ef=250,10,0.997080,2519.625362,396.884400,645083.210938,1.550188,3905.892014
sift-128-euclidean,HNSW,ef=300,10,0.997780,2143.767478,466.468500,645083.210938,1.550188,3323.241780
sift-128-euclidean,HNSW,ef=350,10,0.998320,1870.629858,534.579300,645083.210938,1.550188,2899.827226
sift-128-euclidean,HNSW,ef=400,10,0.998540,1660.687086,602.160400,645083.210938,1.550188,2574.376542
sift-128-euclidean,HNSW,ef=500,10,0.999020,1362.357358,734.021800,645083.210938,1.550188,2111.909494
sift-128-euclidean,FaissHNSW,ef=10,1,0.800600,24054.420721,41.572400,640877.306641,1.560361,37533.581658
sift-128-euclidean,FaissHNSW,ef=20,1,0.903000,15030.361330,66.532000,640877.306641,1.560361,23452.790689
sift-128-euclidean,FaissHNSW,ef=30,1,0.937700,11109.654512,90.011800,640877.306641,1.560361,17335.072403
sift-128-euclidean,FaissHNSW,ef=40,1,0.956100,8794.873644,113.702600,640877.306641,1.560361,13723.178451
sift-128-euclidean,FaissHNSW,ef=60,1,0.973700,6095.799141,164.047400,640877.306641,1.560361,9511.647671
sift-128-euclidean,FaissHNSW,ef=80,1,0.981700,4815.461870,207.664400,640877.306641,1.560361,7513.859237
sift-128-euclidean,FaissHNSW,ef=100,1,0.985800,3905.162351,256.071300,640877.306641,1.560361,6093.463305
sift-128-euclidean,FaissHNSW,ef=150,1,0.989600,2660.469546,375.873500,640877.306641,1.560361,4151.293108
sift-128-euclidean,FaissHNSW,ef=200,1,0.991100,2014.969206,496.285500,640877.306641,1.560361,3144.079507
sift-128-euclidean,FaissHNSW,ef=250,1,0.991600,1666.943935,599.900200,640877.306641,1.560361,2601.034422
sift-128-euclidean,FaissHNSW,ef=300,1,0.991900,1273.140442,785.459300,640877.306641,1.560361,1986.558782
sift-128-euclidean,FaissHNSW,ef=350,1,0.991900,1098.554994,910.286700,640877.306641,1.560361,1714.142446
sift-128-euclidean,FaissHNSW,ef=400,1,0.992100,963.765501,1037.596800,640877.306641,1.560361,1503.822169
sift-128-euclidean,FaissHNSW,ef=500,1,0.992100,804.814594,1242.522200,640877.306641,1.560361,1255.801361
sift-128-euclidean,FaissHNSW,ef=10,10,0.722320,23425.457851,42.688600,640877.306641,1.560361,36552.172480
sift-128-euclidean,FaissHNSW,ef=20,10,0.850920,14714.429705,67.960500,640877.306641,1.560361,22959.823281
sift-128-euclidean,FaissHNSW,ef=30,10,0.905930,10902.890138,91.718800,640877.306641,1.560361,17012.445323
sift-128-euclidean,FaissHNSW,ef=40,10,0.936000,8662.793820,115.436200,640877.306641,1.560361,13517.086236
sift-128-euclidean,FaissHNSW,ef=60,10,0.966170,6035.210626,165.694300,640877.306641,1.560361,9417.107710
sift-128-euclidean,FaissHNSW,ef=80,10,0.979280,4776.340683,209.365300,640877.306641,1.560361,7452.816059
sift-128-euclidean,FaissHNSW,ef=100,10,0.986310,3881.864009,257.608200,640877.306641,1.560361,6057.109479
sift-128-euclidean,FaissHNSW,ef=150,10,0.993930,2646.540958,377.851700,640877.306641,1.560361,4129.559481
sift-128-euclidean,FaissHNSW,ef=200,10,0.996570,2008.040193,497.998000,640877.306641,1.560361,3133.267744
sift-128-euclidean,FaissHNSW,ef=250,10,0.997740,1671.226050,598.363100,640877.306641,1.560361,2607.716068
sift-128-euclidean,FaissHNSW,ef=300,10,0.998460,1270.963107,786.804900,640877.306641,1.560361,1983.161353
sift-128-euclidean,FaissHNSW,ef=350,10,0.998780,1098.613286,910.238400,640877.306641,1.560361,1714.233403
sift-128-euclidean,FaissHNSW,ef=400,10,0.998940,965.241089,1036.010600,640877.306641,1.560361,1506.124619
sift-128-euclidean,FaissHNSW,ef=500,10,0.999120,804.010210,1243.765300,640877.306641,1.560361,1254.546232
sift-128-euclidean,IVF,nprobe=1,1,0.420800,23957.145458,41.741200,508332.635742,1.967216,47128.875413
sift-128-euclidean,IVF,nprobe=2,1,0.594300,12416.036553,80.541000,508332.635742,1.967216,24425.023459
sift-128-euclidean,IVF,nprobe=4,1,0.750600,6342.014706,157.678600,508332.635742,1.967216,12476.111624
sift-128-euclidean,IVF,nprobe=6,1,0.830200,4275.810287,233.873800,508332.635742,1.967216,8411.441617
sift-128-euclidean,IVF,nprobe=8,1,0.875900,3229.548561,309.640800,508332.635742,1.967216,6353.219002
sift-128-euclidean,IVF,nprobe=10,1,0.900500,2594.520994,385.427600,508332.635742,1.967216,5103.982731
sift-128-euclidean,IVF,nprobe=15,1,0.943500,1745.557425,572.882900,508332.635742,1.967216,3433.888172
sift-128-euclidean,IVF,nprobe=20,1,0.961800,1314.041107,761.011200,508332.635742,1.967216,2585.002447
sift-128-euclidean,IVF,nprobe=25,1,0.971100,1055.488620,947.428500,508332.635742,1.967216,2076.373905
sift-128-euclidean,IVF,nprobe=30,1,0.977300,881.987124,1133.803400,508332.635742,1.967216,1735.059019
sift-128-euclidean,IVF,nprobe=40,1,0.984300,664.690277,1504.460100,508332.635742,1.967216,1307.589224
sift-128-euclidean,IVF,nprobe=50,1,0.988100,533.782878,1873.420900,508332.635742,1.967216,1050.066119
sift-128-euclidean,IVF,nprobe=60,1,0.989600,446.268612,2240.802900,508332.635742,1.967216,877.906671
sift-128-euclidean,IVF,nprobe=80,1,0.991500,337.150381,2966.035500,508332.635742,1.967216,663.247562
sift-128-euclidean,IVF,nprobe=100,1,0.992100,270.501944,3696.831100,508332.635742,1.967216,532.135702
sift-128-euclidean,IVF,nprobe=1,10,0.370340,23440.283534,42.661600,508332.635742,1.967216,46112.096461
sift-128-euclidean,IVF,nprobe=2,10,0.536150,12247.037442,81.652400,508332.635742,1.967216,24092.565735
sift-128-euclidean,IVF,nprobe=4,10,0.701420,6311.772529,158.434100,508332.635742,1.967216,12416.618735
sift-128-euclidean,IVF,nprobe=6,10,0.786810,4267.671789,234.319800,508332.635742,1.967216,8395.431433
sift-128-euclidean,IVF,nprobe=8,10,0.839460,3229.165826,309.677500,508332.635742,1.967216,6352.466080
sift-128-euclidean,IVF,nprobe=10,10,0.873740,2598.698572,384.808000,508332.635742,1.967216,5112.200927
sift-128-euclidean,IVF,nprobe=15,10,0.924540,1751.678239,570.881100,508332.635742,1.967216,3445.929134
sift-128-euclidean,IVF,nprobe=20,10,0.951350,1320.260641,757.426200,508332.635742,1.967216,2597.237611
sift-128-euclidean,IVF,nprobe=25,10,0.966290,1061.750902,941.840500,508332.635742,1.967216,2088.693164
sift-128-euclidean,IVF,nprobe=30,10,0.975850,888.394783,1125.625700,508332.635742,1.967216,1747.664267
sift-128-euclidean,IVF,nprobe=40,10,0.986540,670.447454,1491.541200,508332.635742,1.967216,1318.914834
sift-128-euclidean,IVF,nprobe=50,10,0.991810,539.250944,1854.424200,508332.635742,1.967216,1060.822985
sift-128-euclidean,IVF,nprobe=60,10,0.994570,451.333376,2215.657100,508332.635742,1.967216,887.870156
sift-128-euclidean,IVF,nprobe=80,10,0.997410,341.237194,2930.512900,508332.635742,1.967216,671.287205
sift-128-euclidean,IVF,nprobe=100,10,0.998400,273.821453,3652.014800,508332.635742,1.967216,538.665893
sift-128-euclidean,NSG,1,1,0.290300,56489.196441,17.702500,582253.828125,1.717464,97018.162376
sift-128-euclidean,NSG,2,1,0.460900,43588.178886,22.942000,582253.828125,1.717464,74861.128910
sift-128-euclidean,NSG,4,1,0.630900,33024.335633,30.280700,582253.828125,1.717464,56718.108216
sift-128-euclidean,NSG,6,1,0.716100,27127.471991,36.863000,582253.828125,1.717464,46590.457083
sift-128-euclidean,NSG,8,1,0.772500,23198.196108,43.106800,582253.828125,1.717464,39842.067132
sift-128-euclidean,NSG,10,1,0.811900,20355.405378,49.127000,582253.828125,1.717464,34959.676338
sift-128-euclidean,NSG,15,1,0.872800,15759.870013,63.452300,582253.828125,1.717464,27067.009698
sift-128-euclidean,NSG,20,1,0.906900,13106.022479,76.300800,582253.828125,1.717464,22509.122047
sift-128-euclidean,NSG,25,1,0.928600,11260.893507,88.802900,582253.828125,1.717464,19340.179425
sift-128-euclidean,NSG,30,1,0.941000,9833.692591,101.691200,582253.828125,1.717464,16889.013203
sift-128-euclidean,NSG,40,1,0.959000,8019.599902,124.694500,582253.828125,1.717464,13773.374282
sift-128-euclidean,NSG,50,1,0.970100,6774.296693,147.616800,582253.828125,1.717464,11634.610827
sift-128-euclidean,NSG,60,1,0.975900,5869.050910,170.385300,582253.828125,1.717464,10079.883766
sift-128-euclidean,NSG,80,1,0.983800,4703.660012,212.600400,582253.828125,1.717464,8078.366830
sift-128-euclidean,NSG,100,1,0.986000,2903.663698,344.392500,582253.828125,1.717464,4986.937925
sift-128-euclidean,NSG,10,10,0.738230,20223.142150,49.448300,582253.828125,1.717464,34732.519004
sift-128-euclidean,NSG,15,10,0.813510,15697.108593,63.706000,582253.828125,1.717464,26959.219217
sift-128-euclidean,NSG,20,10,0.858490,13089.587757,76.396600,582253.828125,1.717464,22480.896001
sift-128-euclidean,NSG,25,10,0.889380,11254.658022,88.852100,582253.828125,1.717464,19329.470203
sift-128-euclidean,NSG,30,10,0.910790,9822.266095,101.809500,582253.828125,1.717464,16869.388608
sift-128-euclidean,NSG,40,10,0.938910,8007.437308,124.883900,582253.828125,1.717464,13752.485464
sift-128-euclidean,NSG,50,10,0.955740,6766.147072,147.794600,582253.828125,1.717464,11620.614146
sift-128-euclidean,NSG,60,10,0.967350,5861.104713,170.616300,582253.828125,1.717464,10066.236458
sift-128-euclidean,NSG,80,10,0.979990,4701.464083,212.699700,582253.828125,1.717464,8074.595401
sift-128-euclidean,NSG,100,10,0.986460,2899.830853,344.847700,582253.828125,1.717464,4980.355152
sift-128-euclidean,HNSWPQ_2,ef=10,1,0.689100,10258.388284,97.481200,203505.346680,4.913876,50408.446026
sift-128-euclidean,HNSWPQ_2,ef=20,1,0.760600,8126.130548,123.059800,203505.346680,4.913876,39930.796318
sift-128-euclidean,HNSWPQ_2,ef=30,1,0.786200,6760.063707,147.927600,203505.346680,4.913876,33218.113515
sift-128-euclidean,HNSWPQ_2,ef=40,1,0.800400,5770.756690,173.287500,203505.346680,4.913876,28356.781699
sift-128-euclidean,HNSWPQ_2,ef=60,1,0.813500,4428.784263,225.795600,203505.346680,4.913876,21762.495854
sift-128-euclidean,HNSWPQ_2,ef=80,1,0.819000,3584.558296,278.974400,203505.346680,4.913876,17614.074298
sift-128-euclidean,HNSWPQ_2,ef=100,1,0.822300,3119.711115,320.542500,203505.346680,4.913876,15329.872977
sift-128-euclidean,HNSWPQ_2,ef=150,1,0.824500,2248.938108,444.654300,203505.346680,4.913876,11051.002563
sift-128-euclidean,HNSWPQ_2,ef=200,1,0.825500,1754.048388,570.109700,203505.346680,4.913876,8619.175939
sift-128-euclidean,HNSWPQ_2,ef=250,1,0.826000,1493.575460,669.534300,203505.346680,4.913876,7339.244321
sift-128-euclidean,HNSWPQ_2,ef=300,1,0.826200,1155.844075,865.168600,203505.346680,4.913876,5679.674238
sift-128-euclidean,HNSWPQ_2,ef=350,1,0.826200,1005.718313,994.314200,203505.346680,4.913876,4941.974890
sift-128-euclidean,HNSWPQ_2,ef=400,1,0.826200,889.970539,1123.632700,203505.346680,4.913876,4373.204704
sift-128-euclidean,HNSWPQ_2,ef=500,1,0.826200,751.589857,1330.512900,203505.346680,4.913876,3693.219215
sift-128-euclidean,HNSWPQ_2,ef=10,10,0.686410,10244.148798,97.616700,203505.346680,4.913876,50338.474961
sift-128-euclidean,HNSWPQ_2,ef=20,10,0.784610,8022.623799,124.647500,203505.346680,4.913876,39422.177009
sift-128-euclidean,HNSWPQ_2,ef=30,10,0.821540,6678.255666,149.739700,203505.346680,4.913876,32816.118963
sift-128-euclidean,HNSWPQ_2,ef=40,10,0.841070,5699.623027,175.450200,203505.346680,4.913876,28007.239711
sift-128-euclidean,HNSWPQ_2,ef=60,10,0.858560,4385.978378,227.999300,203505.346680,4.913876,21552.153049
sift-128-euclidean,HNSWPQ_2,ef=80,10,0.865470,3557.182057,281.121400,203505.346680,4.913876,17479.550859
sift-128-euclidean,HNSWPQ_2,ef=100,10,0.868750,3103.211576,322.246800,203505.346680,4.913876,15248.796291
sift-128-euclidean,HNSWPQ_2,ef=150,10,0.871960,2235.092880,447.408700,203505.346680,4.913876,10982.968835
sift-128-euclidean,HNSWPQ_2,ef=200,10,0.873200,1749.499337,571.592100,203505.346680,4.913876,8596.822470
sift-128-euclidean,HNSWPQ_2,ef=250,10,0.873740,1492.874213,669.848800,203505.346680,4.913876,7335.798480
sift-128-euclidean,HNSWPQ_2,ef=300,10,0.874030,1152.235550,867.878100,203505.346680,4.913876,5661.942396
sift-128-euclidean,HNSWPQ_2,ef=350,10,0.874210,1003.255061,996.755500,203505.346680,4.913876,4929.870774
sift-128-euclidean,HNSWPQ_2,ef=400,10,0.874290,888.852545,1125.046000,203505.346680,4.913876,4367.711017
sift-128-euclidean,HNSWPQ_2,ef=500,10,0.874380,750.846861,1331.829500,203505.346680,4.913876,3689.568228
sift-128-euclidean,HNSWSQ_8,ef=10,1,0.792800,20555.787379,48.648100,265878.341797,3.761119,77312.756053
sift-128-euclidean,HNSWSQ_8,ef=20,1,0.891400,12893.809166,77.556600,265878.341797,3.761119,48495.146612
sift-128-euclidean,HNSWSQ_8,ef=30,1,0.925100,9619.084263,103.960000,265878.341797,3.761119,36178.517581
sift-128-euclidean,HNSWSQ_8,ef=40,1,0.942700,7581.489641,131.900200,265878.341797,3.761119,28514.882371
sift-128-euclidean,HNSWSQ_8,ef=60,1,0.960200,5308.765781,188.367700,265878.341797,3.761119,19966.898188
sift-128-euclidean,HNSWSQ_8,ef=80,1,0.967800,4216.075559,237.187400,265878.341797,3.761119,15857.160573
sift-128-euclidean,HNSWSQ_8,ef=100,1,0.971400,3444.314900,290.333500,265878.341797,3.761119,12954.477137
sift-128-euclidean,HNSWSQ_8,ef=150,1,0.975000,2371.215155,421.724700,265878.341797,3.761119,8918.421633
sift-128-euclidean,HNSWSQ_8,ef=200,1,0.976600,1806.316291,553.612900,265878.341797,3.761119,6793.769957
sift-128-euclidean,HNSWSQ_8,ef=250,1,0.977000,1514.001791,660.501200,265878.341797,3.761119,5694.340431
sift-128-euclidean,HNSWSQ_8,ef=300,1,0.977400,1159.574093,862.385600,265878.341797,3.761119,4361.295791
sift-128-euclidean,HNSWSQ_8,ef=350,1,0.977400,1000.650323,999.350100,265878.341797,3.761119,3763.564628
sift-128-euclidean,HNSWSQ_8,ef=400,1,0.977500,881.910430,1133.902000,265878.341797,3.761119,3316.969798
sift-128-euclidean,HNSWSQ_8,ef=500,1,0.977600,735.869557,1358.936500,265878.341797,3.761119,2767.692742
sift-128-euclidean,HNSWSQ_8,ef=10,10,0.721080,20082.418244,49.794800,265878.341797,3.761119,75532.358554
sift-128-euclidean,HNSWSQ_8,ef=20,10,0.847300,12590.478325,79.425100,265878.341797,3.761119,47354.283315
sift-128-euclidean,HNSWSQ_8,ef=30,10,0.899930,9437.755173,105.957400,265878.341797,3.761119,35496.517353
sift-128-euclidean,HNSWSQ_8,ef=40,10,0.929220,7474.847139,133.782000,265878.341797,3.761119,28113.787264
sift-128-euclidean,HNSWSQ_8,ef=60,10,0.957230,5262.066708,190.039400,265878.341797,3.761119,19791.257433
sift-128-euclidean,HNSWSQ_8,ef=80,10,0.969260,4187.690618,238.795100,265878.341797,3.761119,15750.401444
sift-128-euclidean,HNSWSQ_8,ef=100,10,0.975530,3428.841425,291.643700,265878.341797,3.761119,12896.279562
sift-128-euclidean,HNSWSQ_8,ef=150,10,0.982030,2359.770630,423.770000,265878.341797,3.761119,8875.377416
sift-128-euclidean,HNSWSQ_8,ef=200,10,0.984170,1801.515831,555.088100,265878.341797,3.761119,6775.714860
sift-128-euclidean,HNSWSQ_8,ef=250,10,0.985340,1514.070102,660.471400,265878.341797,3.761119,5694.597355
sift-128-euclidean,HNSWSQ_8,ef=300,10,0.985910,1158.891298,862.893700,265878.341797,3.761119,4358.727718
sift-128-euclidean,HNSWSQ_8,ef=350,10,0.986260,1001.534752,998.467600,265878.341797,3.761119,3766.891072
sift-128-euclidean,HNSWSQ_8,ef=400,10,0.986470,882.934847,1132.586400,265878.341797,3.761119,3320.822754
sift-128-euclidean,HNSWSQ_8,ef=500,10,0.986600,735.284386,1360.018000,265878.341797,3.761119,2765.491845
sift-128-euclidean,HNSWPQ_1,ef=10,1,0.795600,4174.739569,239.535900,266005.346680,3.759323,15694.194201
sift-128-euclidean,HNSWPQ_1,ef=20,1,0.896800,3483.341095,287.080700,266005.346680,3.759323,13095.004062
sift-128-euclidean,HNSWPQ_1,ef=30,1,0.932100,3034.698745,329.522000,266005.346680,3.759323,11408.412588
sift-128-euclidean,HNSWPQ_1,ef=40,1,0.949100,2676.936107,373.561400,266005.346680,3.759323,10063.467298
sift-128-euclidean,HNSWPQ_1,ef=60,1,0.967500,2163.238403,462.269900,266005.346680,3.759323,8132.311735
sift-128-euclidean,HNSWPQ_1,ef=80,1,0.975300,1820.155529,549.403600,266005.346680,3.759323,6842.552420
sift-128-euclidean,HNSWPQ_1,ef=100,1,0.978600,1599.788572,625.082600,266005.346680,3.759323,6014.121866
sift-128-euclidean,HNSWPQ_1,ef=150,1,0.982000,1203.007519,831.250000,266005.346680,3.759323,4522.493754
sift-128-euclidean,HNSWPQ_1,ef=200,1,0.983300,969.901907,1031.032100,266005.346680,3.759323,3646.174482
sift-128-euclidean,HNSWPQ_1,ef=250,1,0.983800,831.877063,1202.100700,266005.346680,3.759323,3127.294521
sift-128-euclidean,HNSWPQ_1,ef=300,1,0.983900,686.888197,1455.841000,266005.346680,3.759323,2582.234552
sift-128-euclidean,HNSWPQ_1,ef=350,1,0.984100,607.337598,1646.530700,266005.346680,3.759323,2283.178159
sift-128-euclidean,HNSWPQ_1,ef=400,1,0.984100,544.577419,1836.286200,266005.346680,3.759323,2047.242381
sift-128-euclidean,HNSWPQ_1,ef=500,1,0.984300,459.745363,2175.117100,266005.346680,3.759323,1728.331285
sift-128-euclidean,HNSWPQ_1,ef=10,10,0.720680,4167.498430,239.952100,266005.346680,3.759323,15666.972420
sift-128-euclidean,HNSWPQ_1,ef=20,10,0.849510,3468.823257,288.282200,266005.346680,3.759323,13040.426820
sift-128-euclidean,HNSWPQ_1,ef=30,10,0.903820,3021.923146,330.915100,266005.346680,3.759323,11360.384983
sift-128-euclidean,HNSWPQ_1,ef=40,10,0.933630,2664.137512,375.356000,266005.346680,3.759323,10015.353245
sift-128-euclidean,HNSWPQ_1,ef=60,10,0.961910,2156.482105,463.718200,266005.346680,3.759323,8106.912631
sift-128-euclidean,HNSWPQ_1,ef=80,10,0.974650,1816.364793,550.550200,266005.346680,3.759323,6828.301820
sift-128-euclidean,HNSWPQ_1,ef=100,10,0.980880,1597.876997,625.830400,266005.346680,3.759323,6006.935637
sift-128-euclidean,HNSWPQ_1,ef=150,10,0.987980,1201.029378,832.619100,266005.346680,3.759323,4515.057285
sift-128-euclidean,HNSWPQ_1,ef=200,10,0.990430,969.299287,1031.673100,266005.346680,3.759323,3643.909037
sift-128-euclidean,HNSWPQ_1,ef=250,10,0.991700,830.965635,1203.419200,266005.346680,3.759323,3123.868169
sift-128-euclidean,HNSWPQ_1,ef=300,10,0.992280,687.844481,1453.817000,266005.346680,3.759323,2585.829532
sift-128-euclidean,HNSWPQ_1,ef=350,10,0.992510,607.039006,1647.340600,266005.346680,3.759323,2282.055655
sift-128-euclidean,HNSWPQ_1,ef=400,10,0.992710,543.601989,1839.581200,266005.346680,3.759323,2043.575425
sift-128-euclidean,HNSWPQ_1,ef=500,10,0.992970,459.761934,2175.038700,266005.346680,3.759323,1728.393583
sift-128-euclidean,HNSWSQ_4,ef=10,1,0.624000,11000.966985,90.901100,203378.341797,4.916944,54091.143077
sift-128-euclidean,HNSWSQ_4,ef=20,1,0.694800,7360.398993,135.862200,203378.341797,4.916944,36190.672652
sift-128-euclidean,HNSWSQ_4,ef=30,1,0.723200,5660.248134,176.670700,203378.341797,4.916944,27831.125399
sift-128-euclidean,HNSWSQ_4,ef=40,1,0.741700,4576.229690,218.520500,203378.341797,4.916944,22501.066975
sift-128-euclidean,HNSWSQ_4,ef=60,1,0.753700,3304.347596,302.631600,203378.341797,4.916944,16247.293429
sift-128-euclidean,HNSWSQ_4,ef=80,1,0.759000,2593.411438,385.592500,203378.341797,4.916944,12751.659864
sift-128-euclidean,HNSWSQ_4,ef=100,1,0.761300,2183.312679,458.019600,203378.341797,4.916944,10735.227065
sift-128-euclidean,HNSWSQ_4,ef=150,1,0.764300,1527.651174,654.599700,203378.341797,4.916944,7511.375893
sift-128-euclidean,HNSWSQ_4,ef=200,1,0.764900,1183.164795,845.190800,203378.341797,4.916944,5817.555522
sift-128-euclidean,HNSWSQ_4,ef=250,1,0.765600,989.173300,1010.945200,203378.341797,4.916944,4863.710126
sift-128-euclidean,HNSWSQ_4,ef=300,1,0.765900,799.832611,1250.261600,203378.341797,4.916944,3932.732483
sift-128-euclidean,HNSWSQ_4,ef=350,1,0.766300,696.180254,1436.409600,203378.341797,4.916944,3423.079605
sift-128-euclidean,HNSWSQ_4,ef=400,1,0.766300,617.577224,1619.230700,203378.341797,4.916944,3036.592875
sift-128-euclidean,HNSWSQ_4,ef=500,1,0.766600,503.345334,1986.707600,203378.341797,4.916944,2474.921023
sift-128-euclidean,HNSWSQ_4,ef=10,10,0.633910,10905.731944,91.694900,203378.341797,4.916944,53622.877674
sift-128-euclidean,HNSWSQ_4,ef=20,10,0.730870,7269.766495,137.556000,203378.341797,4.916944,35745.037701
sift-128-euclidean,HNSWSQ_4,ef=30,10,0.768010,5598.862759,178.607700,203378.341797,4.916944,27529.296923
sift-128-euclidean,HNSWSQ_4,ef=40,10,0.786260,4532.481348,220.629700,203378.341797,4.916944,22285.958808
sift-128-euclidean,HNSWSQ_4,ef=60,10,0.803480,3281.569851,304.732200,203378.341797,4.916944,16135.296519
sift-128-euclidean,HNSWSQ_4,ef=80,10,0.810870,2579.099698,387.732200,203378.341797,4.916944,12681.289834
sift-128-euclidean,HNSWSQ_4,ef=100,10,0.814770,2169.882251,460.854500,203378.341797,4.916944,10669.190397
sift-128-euclidean,HNSWSQ_4,ef=150,10,0.818730,1522.095036,656.989200,203378.341797,4.916944,7484.056672
sift-128-euclidean,HNSWSQ_4,ef=200,10,0.820160,1181.146120,846.635300,203378.341797,4.916944,5807.629809
sift-128-euclidean,HNSWSQ_4,ef=250,10,0.820860,987.562734,1012.593900,203378.341797,4.916944,4855.791059
sift-128-euclidean,HNSWSQ_4,ef=300,10,0.821310,799.356294,1251.006600,203378.341797,4.916944,3930.390460
sift-128-euclidean,HNSWSQ_4,ef=350,10,0.821610,696.501639,1435.746800,203378.341797,4.916944,3424.659840
sift-128-euclidean,HNSWSQ_4,ef=400,10,0.821730,617.835044,1618.555000,203378.341797,4.916944,3037.860565
sift-128-euclidean,HNSWSQ_4,ef=500,10,0.821940,503.227525,1987.172700,203378.341797,4.916944,2474.341765
deep-image-96-angular,HNSWALP0,ef=10,1,0.689100,3692.496294,270.819500,2695943.292969,3.705568,13682.794467
deep-image-96-angular,HNSWALP0.000000,ef=20,1,0.818800,2396.454015,417.283200,2695943.292969,3.705568,8880.222248
deep-image-96-angular,HNSWALP0.000000,ef=30,1,0.874400,1799.377667,555.747700,2695943.292969,3.705568,6667.715505
deep-image-96-angular,HNSWALP0.000000,ef=40,1,0.904400,1452.729279,688.359500,2695943.292969,3.705568,5383.186484
deep-image-96-angular,HNSWALP0.000000,ef=60,1,0.937300,1058.682002,944.570700,2695943.292969,3.705568,3923.017680
deep-image-96-angular,HNSWALP0.000000,ef=80,1,0.953000,838.452997,1192.672700,2695943.292969,3.705568,3106.944224
deep-image-96-angular,HNSWALP0.000000,ef=100,1,0.963700,697.042185,1434.633400,2695943.292969,3.705568,2582.936907
deep-image-96-angular,HNSWALP0.000000,ef=150,1,0.978700,495.596771,2017.769400,2695943.292969,3.705568,1836.467317
deep-image-96-angular,HNSWALP0.000000,ef=200,1,0.984700,387.945042,2577.684700,2695943.292969,3.705568,1437.556562
deep-image-96-angular,HNSWALP0.000000,ef=250,1,0.987900,320.717514,3118.008700,2695943.292969,3.705568,1188.440416
deep-image-96-angular,HNSWALP0.000000,ef=300,1,0.990400,274.551689,3642.301400,2695943.292969,3.705568,1017.369830
deep-image-96-angular,HNSWALP0.000000,ef=350,1,0.991700,240.742651,4153.813200,2695943.292969,3.705568,892.088156
deep-image-96-angular,HNSWALP0.000000,ef=400,1,0.992500,214.845363,4654.510500,2695943.292969,3.705568,796.124008
deep-image-96-angular,HNSWALP0.000000,ef=500,1,0.993700,177.715010,5626.986700,2695943.292969,3.705568,658.534977
deep-image-96-angular,HNSWALP0.000000,ef=10,10,0.604470,3699.239954,270.325800,2695943.292969,3.705568,13707.783557
deep-image-96-angular,HNSWALP0.000000,ef=20,10,0.742630,2395.109761,417.517400,2695943.292969,3.705568,8875.241023
deep-image-96-angular,HNSWALP0.000000,ef=30,10,0.810570,1798.677612,555.964000,2695943.292969,3.705568,6665.121404
deep-image-96-angular,HNSWALP0.000000,ef=40,10,0.851810,1450.981422,689.188700,2695943.292969,3.705568,5376.709682
deep-image-96-angular,HNSWALP0.000000,ef=60,10,0.898810,1057.806815,945.352200,2695943.292969,3.705568,3919.774616
deep-image-96-angular,HNSWALP0.000000,ef=80,10,0.924930,837.822666,1193.570000,2695943.292969,3.705568,3104.608491
deep-image-96-angular,HNSWALP0.000000,ef=100,10,0.941130,697.355857,1433.988100,2695943.292969,3.705568,2584.099238
deep-image-96-angular,HNSWALP0.000000,ef=150,10,0.964050,495.671180,2017.466500,2695943.292969,3.705568,1836.743042
deep-image-96-angular,HNSWALP0.000000,ef=200,10,0.974980,388.051747,2576.975900,2695943.292969,3.705568,1437.951964
deep-image-96-angular,HNSWALP0.000000,ef=250,10,0.981200,320.675142,3118.420700,2695943.292969,3.705568,1188.283401
deep-image-96-angular,HNSWALP0.000000,ef=300,10,0.985220,274.463456,3643.472300,2695943.292969,3.705568,1017.042879
deep-image-96-angular,HNSWALP0.000000,ef=350,10,0.988170,240.678417,4154.921800,2695943.292969,3.705568,891.850132
deep-image-96-angular,HNSWALP0.000000,ef=400,10,0.989790,214.798666,4655.522400,2695943.292969,3.705568,795.950967
deep-image-96-angular,HNSWALP0.000000,ef=500,10,0.992260,177.705211,5627.297000,2695943.292969,3.705568,658.498664
deep-image-96-angular,HNSWALP0.100000,ef=10,1,0.463400,15422.198095,64.841600,2695943.292969,3.705568,57147.996908
deep-image-96-angular,HNSWALP0.100000,ef=20,1,0.585600,10321.270177,96.887300,2695943.292969,3.705568,38246.163907
deep-image-96-angular,HNSWALP0.100000,ef=30,1,0.646600,7873.309010,127.011400,2695943.292969,3.705568,29175.078428
deep-image-96-angular,HNSWALP0.100000,ef=40,1,0.683200,6390.972879,156.470700,2695943.292969,3.705568,23682.181752
deep-image-96-angular,HNSWALP0.100000,ef=60,1,0.727000,4659.669396,214.607500,2695943.292969,3.705568,17266.719739
deep-image-96-angular,HNSWALP0.100000,ef=80,1,0.751100,3680.790104,271.680800,2695943.292969,3.705568,13639.416390
deep-image-96-angular,HNSWALP0.100000,ef=100,1,0.768500,3041.614148,328.772800,2695943.292969,3.705568,11270.906706
deep-image-96-angular,HNSWALP0.100000,ef=150,1,0.790900,2124.158780,470.774600,2695943.292969,3.705568,7871.213860
deep-image-96-angular,HNSWALP0.100000,ef=200,1,0.802900,1632.610413,612.516000,2695943.292969,3.705568,6049.748180
deep-image-96-angular,HNSWALP0.100000,ef=250,1,0.811400,1326.685225,753.758300,2695943.292969,3.705568,4916.121728
deep-image-96-angular,HNSWALP0.100000,ef=300,1,0.816200,1117.600521,894.774100,2695943.292969,3.705568,4141.344230
deep-image-96-angular,HNSWALP0.100000,ef=350,1,0.819100,965.643747,1035.578600,2695943.292969,3.705568,3578.258141
deep-image-96-angular,HNSWALP0.100000,ef=400,1,0.822000,850.419393,1175.890400,2695943.292969,3.705568,3151.286511
deep-image-96-angular,HNSWALP0.100000,ef=500,1,0.825700,685.994563,1457.737500,2695943.292969,3.705568,2541.999198
deep-image-96-angular,HNSWALP0.100000,ef=10,10,0.320120,15436.696423,64.780700,2695943.292969,3.705568,57201.721443
deep-image-96-angular,HNSWALP0.100000,ef=20,10,0.421660,10283.283905,97.245200,2695943.292969,3.705568,38105.403210
deep-image-96-angular,HNSWALP0.100000,ef=30,10,0.479210,7850.452029,127.381200,2695943.292969,3.705568,29090.380341
deep-image-96-angular,HNSWALP0.100000,ef=40,10,0.516730,6372.730830,156.918600,2695943.292969,3.705568,23614.584608
deep-image-96-angular,HNSWALP0.100000,ef=60,10,0.564260,4658.380030,214.666900,2695943.292969,3.705568,17261.941903
deep-image-96-angular,HNSWALP0.100000,ef=80,10,0.593560,3677.664477,271.911700,2695943.292969,3.705568,13627.834169
deep-image-96-angular,HNSWALP0.100000,ef=100,10,0.613510,3040.021888,328.945000,2695943.292969,3.705568,11265.006479
deep-image-96-angular,HNSWALP0.100000,ef=150,10,0.643850,2123.365407,470.950500,2695943.292969,3.705568,7868.273961
deep-image-96-angular,HNSWALP0.100000,ef=200,10,0.660290,1631.701746,612.857100,2695943.292969,3.705568,6046.381051
deep-image-96-angular,HNSWALP0.100000,ef=250,10,0.670650,1325.859024,754.228000,2695943.292969,3.705568,4913.060184
deep-image-96-angular,HNSWALP0.100000,ef=300,10,0.678030,1115.719529,896.282600,2695943.292969,3.705568,4134.374087
deep-image-96-angular,HNSWALP0.100000,ef=350,10,0.683030,965.590320,1035.635900,2695943.292969,3.705568,3578.060162
deep-image-96-angular,HNSWALP0.100000,ef=400,10,0.686870,850.127243,1176.294500,2695943.292969,3.705568,3150.203930
deep-image-96-angular,HNSWALP0.100000,ef=500,10,0.692370,686.076832,1457.562700,2695943.292969,3.705568,2542.304051
deep-image-96-angular,HNSWALP0.200000,ef=10,1,0.587600,11055.575271,90.452100,2695943.292969,3.705568,40967.181041
deep-image-96-angular,HNSWALP0.200000,ef=20,1,0.711800,7386.118971,135.389100,2695943.292969,3.705568,27369.762826
deep-image-96-angular,HNSWALP0.200000,ef=30,1,0.769500,5631.274295,177.579700,2695943.292969,3.705568,20867.067330
deep-image-96-angular,HNSWALP0.200000,ef=40,1,0.800800,4589.895162,217.869900,2695943.292969,3.705568,17008.166600
deep-image-96-angular,HNSWALP0.200000,ef=60,1,0.840100,3370.573678,296.685400,2695943.292969,3.705568,12489.888469
deep-image-96-angular,HNSWALP0.200000,ef=80,1,0.860600,2673.657390,374.019500,2695943.292969,3.705568,9907.418079
deep-image-96-angular,HNSWALP0.200000,ef=100,1,0.873500,2221.358854,450.174900,2695943.292969,3.705568,8231.395301
deep-image-96-angular,HNSWALP0.200000,ef=150,1,0.889400,1568.720713,637.462100,2695943.292969,3.705568,5813.000579
deep-image-96-angular,HNSWALP0.200000,ef=200,1,0.898000,1217.981104,821.030800,2695943.292969,3.705568,4513.311262
deep-image-96-angular,HNSWALP0.200000,ef=250,1,0.902800,998.361788,1001.640900,2695943.292969,3.705568,3699.497052
deep-image-96-angular,HNSWALP0.200000,ef=300,1,0.906400,847.763469,1179.574300,2695943.292969,3.705568,3141.444805
deep-image-96-angular,HNSWALP0.200000,ef=350,1,0.907700,737.877176,1355.239100,2695943.292969,3.705568,2734.253724
deep-image-96-angular,HNSWALP0.200000,ef=400,1,0.909200,653.689919,1529.777300,2695943.292969,3.705568,2422.292157
deep-image-96-angular,HNSWALP0.200000,ef=500,1,0.911200,533.378251,1874.842100,2695943.292969,3.705568,1976.469142
deep-image-96-angular,HNSWALP0.200000,ef=10,10,0.449630,11034.470583,90.625100,2695943.292969,3.705568,40888.976192
deep-image-96-angular,HNSWALP0.200000,ef=20,10,0.568410,7364.475244,135.787000,2695943.292969,3.705568,27289.560534
deep-image-96-angular,HNSWALP0.200000,ef=30,10,0.631260,5621.167067,177.899000,2695943.292969,3.705568,20829.614311
deep-image-96-angular,HNSWALP0.200000,ef=40,10,0.669940,4579.102624,218.383400,2695943.292969,3.705568,16968.174121
deep-image-96-angular,HNSWALP0.200000,ef=60,10,0.717840,3362.738237,297.376700,2695943.292969,3.705568,12460.853713
deep-image-96-angular,HNSWALP0.200000,ef=80,10,0.745620,2668.446342,374.749900,2695943.292969,3.705568,9888.108192
deep-image-96-angular,HNSWALP0.200000,ef=100,10,0.763610,2219.743016,450.502600,2695943.292969,3.705568,8225.407703
deep-image-96-angular,HNSWALP0.200000,ef=150,10,0.789600,1566.977148,638.171400,2695943.292969,3.705568,5806.539679
deep-image-96-angular,HNSWALP0.200000,ef=200,10,0.802500,1216.724560,821.878700,2695943.292969,3.705568,4508.655056
deep-image-96-angular,HNSWALP0.200000,ef=250,10,0.810510,997.766301,1002.238700,2695943.292969,3.705568,3697.290432
deep-image-96-angular,HNSWALP0.200000,ef=300,10,0.816060,847.335912,1180.169500,2695943.292969,3.705568,3139.860466
deep-image-96-angular,HNSWALP0.200000,ef=350,10,0.819580,737.522139,1355.891500,2695943.292969,3.705568,2732.938112
deep-image-96-angular,HNSWALP0.200000,ef=400,10,0.822240,653.346329,1530.581800,2695943.292969,3.705568,2421.018959
deep-image-96-angular,HNSWALP0.200000,ef=500,10,0.825750,533.065606,1875.941700,2695943.292969,3.705568,1975.310617
deep-image-96-angular,HNSWALP0.300000,ef=10,1,0.643300,8419.081680,118.777800,2695943.292969,3.705568,31197.475928
deep-image-96-angular,HNSWALP0.300000,ef=20,1,0.767900,5595.072308,178.728700,2695943.292969,3.705568,20732.918419
deep-image-96-angular,HNSWALP0.300000,ef=30,1,0.822200,4264.466884,234.495900,2695943.292969,3.705568,15802.270130
deep-image-96-angular,HNSWALP0.300000,ef=40,1,0.855300,3469.319077,288.241000,2695943.292969,3.705568,12855.796213
deep-image-96-angular,HNSWALP0.300000,ef=60,1,0.887700,2545.292850,392.882100,2695943.292969,3.705568,9431.754606
deep-image-96-angular,HNSWALP0.300000,ef=80,1,0.904900,2021.633500,494.649500,2695943.292969,3.705568,7491.299509
deep-image-96-angular,HNSWALP0.300000,ef=100,1,0.918200,1680.660688,595.004100,2695943.292969,3.705568,6227.801718
deep-image-96-angular,HNSWALP0.300000,ef=150,1,0.935000,1193.232273,838.059800,2695943.292969,3.705568,4421.602798
deep-image-96-angular,HNSWALP0.300000,ef=200,1,0.941500,930.623853,1074.548000,2695943.292969,3.705568,3448.489557
deep-image-96-angular,HNSWALP0.300000,ef=250,1,0.944000,765.574972,1306.207800,2695943.292969,3.705568,2836.889778
deep-image-96-angular,HNSWALP0.300000,ef=300,1,0.947300,652.468176,1532.641800,2695943.292969,3.705568,2417.764905
deep-image-96-angular,HNSWALP0.300000,ef=350,1,0.948700,569.629421,1755.527300,2695943.292969,3.705568,2110.800303
deep-image-96-angular,HNSWALP0.300000,ef=400,1,0.950200,506.084733,1975.953700,2695943.292969,3.705568,1875.331166
deep-image-96-angular,HNSWALP0.300000,ef=500,1,0.951700,415.148520,2408.776500,2695943.292969,3.705568,1538.360888
deep-image-96-angular,HNSWALP0.300000,ef=10,10,0.522890,8383.304816,119.284700,2695943.292969,3.705568,31064.902341
deep-image-96-angular,HNSWALP0.300000,ef=20,10,0.649180,5580.852319,179.184100,2695943.292969,3.705568,20680.225289
deep-image-96-angular,HNSWALP0.300000,ef=30,10,0.714470,4251.883265,235.189900,2695943.292969,3.705568,15755.640681
deep-image-96-angular,HNSWALP0.300000,ef=40,10,0.755280,3459.914298,289.024500,2695943.292969,3.705568,12820.946170
deep-image-96-angular,HNSWALP0.300000,ef=60,10,0.803370,2540.424505,393.635000,2695943.292969,3.705568,9413.714625
deep-image-96-angular,HNSWALP0.300000,ef=80,10,0.829340,2018.305221,495.465200,2695943.292969,3.705568,7478.966346
deep-image-96-angular,HNSWALP0.300000,ef=100,10,0.846710,1678.433605,595.793600,2695943.292969,3.705568,6219.549113
deep-image-96-angular,HNSWALP0.300000,ef=150,10,0.871180,1192.119470,838.842100,2695943.292969,3.705568,4417.479233
deep-image-96-angular,HNSWALP0.300000,ef=200,10,0.882720,929.835886,1075.458600,2695943.292969,3.705568,3445.569691
deep-image-96-angular,HNSWALP0.300000,ef=250,10,0.889510,765.011144,1307.170500,2695943.292969,3.705568,2834.800477
deep-image-96-angular,HNSWALP0.300000,ef=300,10,0.893900,652.043504,1533.640000,2695943.292969,3.705568,2416.191255
deep-image-96-angular,HNSWALP0.300000,ef=350,10,0.897020,569.319940,1756.481600,2695943.292969,3.705568,2109.653501
deep-image-96-angular,HNSWALP0.300000,ef=400,10,0.899280,505.799932,1977.066300,2695943.292969,3.705568,1874.275818
deep-image-96-angular,HNSWALP0.300000,ef=500,10,0.902020,415.013099,2409.562500,2695943.292969,3.705568,1537.859075
deep-image-96-angular,HNSWALP0.500000,ef=10,1,0.673700,5509.556877,181.502800,2695943.292969,3.705568,20416.035214
deep-image-96-angular,HNSWALP0.500000,ef=20,1,0.802700,3644.545973,274.382600,2695943.292969,3.705568,13505.111316
deep-image-96-angular,HNSWALP0.500000,ef=30,1,0.859500,2766.313713,361.491900,2695943.292969,3.705568,10250.762344
deep-image-96-angular,HNSWALP0.500000,ef=40,1,0.891700,2247.047099,445.028500,2695943.292969,3.705568,8326.584828
deep-image-96-angular,HNSWALP0.500000,ef=60,1,0.922800,1647.056808,607.143600,2695943.292969,3.705568,6103.280272
deep-image-96-angular,HNSWALP0.500000,ef=80,1,0.939900,1308.142349,764.442800,2695943.292969,3.705568,4847.409847
deep-image-96-angular,HNSWALP0.500000,ef=100,1,0.951600,1089.313346,918.009500,2695943.292969,3.705568,4036.524193
deep-image-96-angular,HNSWALP0.500000,ef=150,1,0.965800,775.528177,1289.443800,2695943.292969,3.705568,2873.772053
deep-image-96-angular,HNSWALP0.500000,ef=200,1,0.971500,607.668718,1645.633500,2695943.292969,3.705568,2251.757488
deep-image-96-angular,HNSWALP0.500000,ef=250,1,0.975100,502.057331,1991.804400,2695943.292969,3.705568,1860.407355
deep-image-96-angular,HNSWALP0.500000,ef=300,1,0.977300,429.259937,2329.590800,2695943.292969,3.705568,1590.651696
deep-image-96-angular,HNSWALP0.500000,ef=350,1,0.978400,375.914836,2660.177000,2695943.292969,3.705568,1392.977819
deep-image-96-angular,HNSWALP0.500000,ef=400,1,0.979400,335.192624,2983.359200,2695943.292969,3.705568,1242.078914
deep-image-96-angular,HNSWALP0.500000,ef=500,1,0.981100,276.678197,3614.307200,2695943.292969,3.705568,1025.249751
deep-image-96-angular,HNSWALP0.500000,ef=10,10,0.579280,5505.998510,181.620100,2695943.292969,3.705568,20402.849444
deep-image-96-angular,HNSWALP0.500000,ef=20,10,0.715810,3629.312213,275.534300,2695943.292969,3.705568,13448.661587
deep-image-96-angular,HNSWALP0.500000,ef=30,10,0.783130,2757.778521,362.610700,2695943.292969,3.705568,10219.134615
deep-image-96-angular,HNSWALP0.500000,ef=40,10,0.825130,2239.826261,446.463200,2695943.292969,3.705568,8299.827525
deep-image-96-angular,HNSWALP0.500000,ef=60,10,0.871560,1642.876717,608.688400,2695943.292969,3.705568,6087.790660
deep-image-96-angular,HNSWALP0.500000,ef=80,10,0.897570,1305.020990,766.271200,2695943.292969,3.705568,4835.843441
deep-image-96-angular,HNSWALP0.500000,ef=100,10,0.914190,1086.869808,920.073400,2695943.292969,3.705568,4027.469500
deep-image-96-angular,HNSWALP0.500000,ef=150,10,0.937300,774.254190,1291.565500,2695943.292969,3.705568,2869.051207
deep-image-96-angular,HNSWALP0.500000,ef=200,10,0.948300,606.830729,1647.906000,2695943.292969,3.705568,2248.652263
deep-image-96-angular,HNSWALP0.500000,ef=250,10,0.954930,501.433146,1994.283800,2695943.292969,3.705568,1858.094398
deep-image-96-angular,HNSWALP0.500000,ef=300,10,0.959130,428.997632,2331.015200,2695943.292969,3.705568,1589.679705
deep-image-96-angular,HNSWALP0.500000,ef=350,10,0.961760,375.839249,2660.712000,2695943.292969,3.705568,1392.697728
deep-image-96-angular,HNSWALP0.500000,ef=400,10,0.963610,335.092783,2984.248100,2695943.292969,3.705568,1241.708944
deep-image-96-angular,HNSWALP0.500000,ef=500,10,0.966280,276.633460,3614.891700,2695943.292969,3.705568,1025.083976
deep-image-96-angular,FaissHNSW,ef=10,1,0.724500,20578.333484,48.594800,5153745.744141,1.938396,39888.958772
deep-image-96-angular,FaissHNSW,ef=20,1,0.842100,13330.631659,75.015200,5153745.744141,1.938396,25840.042734
deep-image-96-angular,FaissHNSW,ef=30,1,0.896800,9816.953093,101.864600,5153745.744141,1.938396,19029.142349
deep-image-96-angular,FaissHNSW,ef=40,1,0.923700,7750.051538,129.031400,5153745.744141,1.938396,15022.668697
deep-image-96-angular,FaissHNSW,ef=60,1,0.951700,5571.521059,179.484200,5153745.744141,1.938396,10799.813988
deep-image-96-angular,FaissHNSW,ef=80,1,0.966300,4320.143360,231.473800,5153745.744141,1.938396,8374.148494
deep-image-96-angular,FaissHNSW,ef=100,1,0.973700,3489.289452,286.591300,5153745.744141,1.938396,6763.624624
deep-image-96-angular,FaissHNSW,ef=150,1,0.983000,2356.072813,424.435100,5153745.744141,1.938396,4567.002055
deep-image-96-angular,FaissHNSW,ef=200,1,0.988400,1827.708165,547.133300,5153745.744141,1.938396,3542.822149
deep-image-96-angular,FaissHNSW,ef=250,1,0.991100,1461.324085,684.310900,5153745.744141,1.938396,2832.624723
deep-image-96-angular,FaissHNSW,ef=300,1,0.992300,1115.947379,896.099600,5153745.744141,1.938396,2163.147906
deep-image-96-angular,FaissHNSW,ef=350,1,0.993900,956.785354,1045.166500,5153745.744141,1.938396,1854.628878
deep-image-96-angular,FaissHNSW,ef=400,1,0.995000,868.171915,1151.845600,5153745.744141,1.938396,1682.860944
deep-image-96-angular,FaissHNSW,ef=500,1,0.995800,698.660179,1431.311000,5153745.744141,1.938396,1354.280079
deep-image-96-angular,FaissHNSW,ef=10,10,0.628850,20061.629325,49.846400,5153745.744141,1.938396,38887.381510
deep-image-96-angular,FaissHNSW,ef=20,10,0.766150,13080.324968,76.450700,5153745.744141,1.938396,25354.849252
deep-image-96-angular,FaissHNSW,ef=30,10,0.831660,9655.529335,103.567600,5153745.744141,1.938396,18716.239188
deep-image-96-angular,FaissHNSW,ef=40,10,0.869400,7651.993459,130.684900,5153745.744141,1.938396,14832.593312
deep-image-96-angular,FaissHNSW,ef=60,10,0.913310,5520.183447,181.153400,5153745.744141,1.938396,10700.301367
deep-image-96-angular,FaissHNSW,ef=80,10,0.937910,4284.737978,233.386500,5153745.744141,1.938396,8305.518844
deep-image-96-angular,FaissHNSW,ef=100,10,0.951820,3461.672535,288.877700,5153745.744141,1.938396,6710.092104
deep-image-96-angular,FaissHNSW,ef=150,10,0.970750,2351.456716,425.268300,5153745.744141,1.938396,4558.054230
deep-image-96-angular,FaissHNSW,ef=200,10,0.980200,1830.985400,546.154000,5153745.744141,1.938396,3549.174727
deep-image-96-angular,FaissHNSW,ef=250,10,0.985380,1467.007873,681.659600,5153745.744141,1.938396,2843.642155
deep-image-96-angular,FaissHNSW,ef=300,10,0.988680,1116.542595,895.621900,5153745.744141,1.938396,2164.301670
deep-image-96-angular,FaissHNSW,ef=350,10,0.990710,958.826274,1042.941800,5153745.744141,1.938396,1858.584989
deep-image-96-angular,FaissHNSW,ef=400,10,0.992270,868.537700,1151.360500,5153745.744141,1.938396,1683.569980
deep-image-96-angular,FaissHNSW,ef=500,10,0.994180,697.968020,1432.730400,5153745.744141,1.938396,1352.938399
deep-image-96-angular,HNSW,ef=10,1,0.694500,27472.829372,36.399600,5195319.078125,1.922885,52827.085555
deep-image-96-angular,HNSW,ef=20,1,0.818400,18171.543000,55.031100,5195319.078125,1.922885,34941.783525
deep-image-96-angular,HNSW,ef=30,1,0.874200,13724.951963,72.860000,5195319.078125,1.922885,26391.501281
deep-image-96-angular,HNSW,ef=40,1,0.904300,11070.494696,90.330200,5195319.078125,1.922885,21287.285795
deep-image-96-angular,HNSW,ef=60,1,0.937200,8032.973751,124.486900,5195319.078125,1.922885,15446.482990
deep-image-96-angular,HNSW,ef=80,1,0.953900,6333.940547,157.879600,5195319.078125,1.922885,12179.437897
deep-image-96-angular,HNSW,ef=100,1,0.965200,5236.479410,190.968000,5195319.078125,1.922885,10069.146576
deep-image-96-angular,HNSW,ef=150,1,0.980000,3677.215495,271.944900,5195319.078125,1.922885,7070.861720
deep-image-96-angular,HNSW,ef=200,1,0.985700,2843.805410,351.641500,5195319.078125,1.922885,5468.310149
deep-image-96-angular,HNSW,ef=250,1,0.989100,2325.519742,430.011400,5195319.078125,1.922885,4471.706525
deep-image-96-angular,HNSW,ef=300,1,0.991500,1973.141986,506.805900,5195319.078125,1.922885,3794.124700
deep-image-96-angular,HNSW,ef=350,1,0.993100,1716.835755,582.466900,5195319.078125,1.922885,3301.277349
deep-image-96-angular,HNSW,ef=400,1,0.993600,1519.212878,658.235600,5195319.078125,1.922885,2921.271325
deep-image-96-angular,HNSW,ef=500,1,0.994800,1238.906061,807.163700,5195319.078125,1.922885,2382.273612
deep-image-96-angular,HNSW,ef=10,10,0.604860,27427.844199,36.459300,5195319.078125,1.922885,52740.584250
deep-image-96-angular,HNSW,ef=20,10,0.742610,18087.434659,55.287000,5195319.078125,1.922885,34780.052876
deep-image-96-angular,HNSW,ef=30,10,0.810410,13676.709931,73.117000,5195319.078125,1.922885,26298.737412
deep-image-96-angular,HNSW,ef=40,10,0.850840,11036.065863,90.612000,5195319.078125,1.922885,21221.083117
deep-image-96-angular,HNSW,ef=60,10,0.898160,8012.088639,124.811400,5195319.078125,1.922885,15406.323327
deep-image-96-angular,HNSW,ef=80,10,0.924450,6309.665777,158.487000,5195319.078125,1.922885,12132.760311
deep-image-96-angular,HNSW,ef=100,10,0.940990,5227.858842,191.282900,5195319.078125,1.922885,10052.570216
deep-image-96-angular,HNSW,ef=150,10,0.964040,3668.976165,272.555600,5195319.078125,1.922885,7055.018438
deep-image-96-angular,HNSW,ef=200,10,0.975030,2837.949400,352.367100,5195319.078125,1.922885,5457.049717
deep-image-96-angular,HNSW,ef=250,10,0.981570,2321.112983,430.827800,5195319.078125,1.922885,4463.232835
deep-image-96-angular,HNSW,ef=300,10,0.985620,1970.315231,507.533000,5195319.078125,1.922885,3788.689176
deep-image-96-angular,HNSW,ef=350,10,0.988670,1714.689401,583.196000,5195319.078125,1.922885,3297.150158
deep-image-96-angular,HNSW,ef=400,10,0.990240,1516.685896,659.332300,5195319.078125,1.922885,2916.412230
deep-image-96-angular,HNSW,ef=500,10,0.992930,1237.354699,808.175700,5195319.078125,1.922885,2379.290522
deep-image-96-angular,IVF,nprobe=1,1,0.538000,2674.219375,373.940900,3824689.010742,2.611977,6984.999691
deep-image-96-angular,IVF,nprobe=2,1,0.709800,1592.186821,628.067000,3824689.010742,2.611977,4158.755469
deep-image-96-angular,IVF,nprobe=4,1,0.843800,809.791939,1234.885100,3824689.010742,2.611977,2115.157978
deep-image-96-angular,IVF,nprobe=6,1,0.897800,545.719388,1832.443600,3824689.010742,2.611977,1425.406529
deep-image-96-angular,IVF,nprobe=8,1,0.928200,412.807927,2422.434100,3824689.010742,2.611977,1078.244841
deep-image-96-angular,IVF,nprobe=10,1,0.945300,332.555751,3007.014600,3824689.010742,2.611977,868.627998
deep-image-96-angular,IVF,nprobe=15,1,0.969700,225.464375,4435.290500,3824689.010742,2.611977,588.907778
deep-image-96-angular,IVF,nprobe=20,1,0.981300,171.210408,5840.766400,3824689.010742,2.611977,447.197661
deep-image-96-angular,IVF,nprobe=25,1,0.986900,138.527442,7218.786300,3824689.010742,2.611977,361.830502
deep-image-96-angular,IVF,nprobe=30,1,0.990300,116.559564,8579.304600,3824689.010742,2.611977,304.450907
deep-image-96-angular,IVF,nprobe=40,1,0.994100,88.890662,11249.775600,3824689.010742,2.611977,232.180371
deep-image-96-angular,IVF,nprobe=50,1,0.995700,72.041173,13880.951200,3824689.010742,2.611977,188.169891
deep-image-96-angular,IVF,nprobe=60,1,0.996500,60.715572,16470.239300,3824689.010742,2.611977,158.587682
deep-image-96-angular,IVF,nprobe=80,1,0.997800,46.454810,21526.296300,3824689.010742,2.611977,121.338898
deep-image-96-angular,IVF,nprobe=100,1,0.998700,37.516693,26654.801300,3824689.010742,2.611977,97.992742
deep-image-96-angular,IVF,nprobe=1,10,0.503580,3162.733386,316.182200,3824689.010742,2.611977,8260.987086
deep-image-96-angular,IVF,nprobe=2,10,0.675140,1607.675945,622.015900,3824689.010742,2.611977,4199.212707
deep-image-96-angular,IVF,nprobe=4,10,0.815520,818.364961,1221.948700,3824689.010742,2.611977,2137.550513
deep-image-96-angular,IVF,nprobe=6,10,0.877020,550.962214,1815.006500,3824689.010742,2.611977,1439.100670
deep-image-96-angular,IVF,nprobe=8,10,0.910060,416.951931,2398.358000,3824689.010742,2.611977,1089.068884
deep-image-96-angular,IVF,nprobe=10,10,0.930910,336.208849,2974.341700,3824689.010742,2.611977,878.169805
deep-image-96-angular,IVF,nprobe=15,10,0.959330,228.028117,4385.424100,3824689.010742,2.611977,595.604213
deep-image-96-angular,IVF,nprobe=20,10,0.973630,173.263498,5771.556100,3824689.010742,2.611977,452.560285
deep-image-96-angular,IVF,nprobe=25,10,0.981160,140.267117,7129.254700,3824689.010742,2.611977,366.374492
deep-image-96-angular,IVF,nprobe=30,10,0.986030,117.996205,8474.848800,3824689.010742,2.611977,308.203383
deep-image-96-angular,IVF,nprobe=40,10,0.991480,89.955076,11116.660000,3824689.010742,2.611977,234.960597
deep-image-96-angular,IVF,nprobe=50,10,0.994470,72.871368,13722.810900,3824689.010742,2.611977,190.338342
deep-image-96-angular,IVF,nprobe=60,10,0.996220,61.374154,16293.503600,3824689.010742,2.611977,160.307883
deep-image-96-angular,IVF,nprobe=80,10,0.997870,46.860769,21339.812000,3824689.010742,2.611977,122.399254
deep-image-96-angular,IVF,nprobe=100,10,0.998680,37.772199,26474.497900,3824689.010742,2.611977,98.660117
deep-image-96-angular,NSG,1,1,0.182700,51189.647406,19.535200,4626152.179688,2.159462,110542.100156
deep-image-96-angular,NSG,2,1,0.343300,36334.700729,27.521900,4626152.179688,2.159462,78463.406777
deep-image-96-angular,NSG,4,1,0.517800,26426.432775,37.840900,4626152.179688,2.159462,57066.878297
deep-image-96-angular,NSG,6,1,0.623700,21627.794311,46.236800,4626152.179688,2.159462,46704.400715
deep-image-96-angular,NSG,8,1,0.685000,18782.164457,53.242000,4626152.179688,2.159462,40559.371079
deep-image-96-angular,NSG,10,1,0.733000,16717.851154,59.816300,4626152.179688,2.159462,36101.564874
deep-image-96-angular,NSG,15,1,0.802400,13271.999002,75.346600,4626152.179688,2.159462,28660.377973
deep-image-96-angular,NSG,20,1,0.847400,11186.796001,89.391100,4626152.179688,2.159462,24157.461257
deep-image-96-angular,NSG,25,1,0.874700,9623.212729,103.915400,4626152.179688,2.159462,20780.962542
deep-image-96-angular,NSG,30,1,0.897300,8524.495137,117.309000,4626152.179688,2.159462,18408.323615
deep-image-96-angular,NSG,40,1,0.921600,7084.164837,141.159900,4626152.179688,2.159462,15297.985015
deep-image-96-angular,NSG,50,1,0.938300,6035.429176,165.688300,4626152.179688,2.159462,13033.280171
deep-image-96-angular,NSG,60,1,0.947000,5295.642481,188.834500,4626152.179688,2.159462,11435.738888
deep-image-96-angular,NSG,80,1,0.958200,4241.277812,235.778000,4626152.179688,2.159462,9158.878415
deep-image-96-angular,NSG,100,1,0.966500,2498.007839,400.319000,4626152.179688,2.159462,5394.353091
deep-image-96-angular,NSG,10,10,0.642210,16479.595788,60.681100,4626152.179688,2.159462,35587.061457
deep-image-96-angular,NSG,15,10,0.722180,13203.429195,75.737900,4626152.179688,2.159462,28512.304077
deep-image-96-angular,NSG,20,10,0.774430,11154.041779,89.653600,4626152.179688,2.159462,24086.729757
deep-image-96-angular,NSG,25,10,0.809860,9594.691449,104.224300,4626152.179688,2.159462,20719.371922
deep-image-96-angular,NSG,30,10,0.835930,8510.355826,117.503900,4626152.179688,2.159462,18377.790311
deep-image-96-angular,NSG,40,10,0.872630,7073.576513,141.371200,4626152.179688,2.159462,15275.119932
deep-image-96-angular,NSG,50,10,0.896240,6027.364234,165.910000,4626152.179688,2.159462,13015.864233
deep-image-96-angular,NSG,60,10,0.912620,5291.145268,188.995000,4626152.179688,2.159462,11426.027329
deep-image-96-angular,NSG,80,10,0.933350,4240.186195,235.838700,4626152.179688,2.159462,9156.521109
deep-image-96-angular,NSG,100,10,0.947580,2490.850483,401.469300,4626152.179688,2.159462,5378.897054
deep-image-96-angular,HNSWPQ_1,ef=10,1,0.694000,6088.672998,164.239400,2344154.284180,4.261665,25947.883918
deep-image-96-angular,HNSWPQ_1,ef=20,1,0.805400,4677.596651,213.785000,2344154.284180,4.261665,19934.349397
deep-image-96-angular,HNSWPQ_1,ef=30,1,0.853400,3800.391288,263.130800,2344154.284180,4.261665,16195.994106
deep-image-96-angular,HNSWPQ_1,ef=40,1,0.881200,3206.325439,311.883500,2344154.284180,4.261665,13664.284535
deep-image-96-angular,HNSWPQ_1,ef=60,1,0.908200,2472.850574,404.391600,2344154.284180,4.261665,10538.460457
deep-image-96-angular,HNSWPQ_1,ef=80,1,0.922800,2026.406919,493.484300,2344154.284180,4.261665,8635.867212
deep-image-96-angular,HNSWPQ_1,ef=100,1,0.929600,1710.563723,584.602600,2344154.284180,4.261665,7289.849354
deep-image-96-angular,HNSWPQ_1,ef=150,1,0.939500,1235.888013,809.134800,2344154.284180,4.261665,5266.940547
deep-image-96-angular,HNSWPQ_1,ef=200,1,0.943000,994.666993,1005.361600,2344154.284180,4.261665,4238.937399
deep-image-96-angular,HNSWPQ_1,ef=250,1,0.945600,820.525882,1218.730600,2344154.284180,4.261665,3496.806338
deep-image-96-angular,HNSWPQ_1,ef=300,1,0.946700,656.688719,1522.791500,2344154.284180,4.261665,2798.587256
deep-image-96-angular,HNSWPQ_1,ef=350,1,0.947600,573.729094,1742.982900,2344154.284180,4.261665,2445.041134
deep-image-96-angular,HNSWPQ_1,ef=400,1,0.948500,522.006761,1915.684000,2344154.284180,4.261665,2224.617884
deep-image-96-angular,HNSWPQ_1,ef=500,1,0.949800,428.299092,2334.817000,2344154.284180,4.261665,1825.267199
deep-image-96-angular,HNSWPQ_1,ef=10,10,0.623290,6091.306244,164.168400,2344154.284180,4.261665,25959.105930
deep-image-96-angular,HNSWPQ_1,ef=20,10,0.754490,4655.222578,214.812500,2344154.284180,4.261665,19838.998596
deep-image-96-angular,HNSWPQ_1,ef=30,10,0.816330,3774.298462,264.949900,2344154.284180,4.261665,16084.795223
deep-image-96-angular,HNSWPQ_1,ef=40,10,0.852030,3185.902509,313.882800,2344154.284180,4.261665,13577.248852
deep-image-96-angular,HNSWPQ_1,ef=60,10,0.891980,2457.264485,406.956600,2344154.284180,4.261665,10472.037770
deep-image-96-angular,HNSWPQ_1,ef=80,10,0.913250,2014.654598,496.363000,2344154.284180,4.261665,8585.782756
deep-image-96-angular,HNSWPQ_1,ef=100,10,0.925170,1701.662780,587.660500,2344154.284180,4.261665,7251.916516
deep-image-96-angular,HNSWPQ_1,ef=150,10,0.940620,1230.206440,812.871700,2344154.284180,4.261665,5242.727587
deep-image-96-angular,HNSWPQ_1,ef=200,10,0.947950,988.741986,1011.386200,2344154.284180,4.261665,4213.687003
deep-image-96-angular,HNSWPQ_1,ef=250,10,0.951880,816.980248,1224.019800,2344154.284180,4.261665,3481.696036
deep-image-96-angular,HNSWPQ_1,ef=300,10,0.954380,654.425550,1528.057700,2344154.284180,4.261665,2788.942385
deep-image-96-angular,HNSWPQ_1,ef=350,10,0.955870,571.442253,1749.958100,2344154.284180,4.261665,2435.295386
deep-image-96-angular,HNSWPQ_1,ef=400,10,0.957020,520.498615,1921.234700,2344154.284180,4.261665,2218.190670
deep-image-96-angular,HNSWPQ_1,ef=500,10,0.958330,427.265266,2340.466400,2344154.284180,4.261665,1820.861383
deep-image-96-angular,HNSWSQ_8,ef=10,1,0.707900,16057.189285,62.277400,2344059.029297,4.261838,68433.140529
deep-image-96-angular,HNSWSQ_8,ef=20,1,0.823700,10427.278595,95.902300,2344059.029297,4.261838,44439.372841
deep-image-96-angular,HNSWSQ_8,ef=30,1,0.869800,7699.177728,129.884000,2344059.029297,4.261838,32812.648717
deep-image-96-angular,HNSWSQ_8,ef=40,1,0.895700,6092.293371,164.141800,2344059.029297,4.261838,25964.367797
deep-image-96-angular,HNSWSQ_8,ef=60,1,0.924600,4408.065172,226.856900,2344059.029297,4.261838,18786.459949
deep-image-96-angular,HNSWSQ_8,ef=80,1,0.938200,3429.905760,291.553200,2344059.029297,4.261838,14617.702930
deep-image-96-angular,HNSWSQ_8,ef=100,1,0.947100,2805.638548,356.425100,2344059.029297,4.261838,11957.177163
deep-image-96-angular,HNSWSQ_8,ef=150,1,0.956600,1929.854796,518.173700,2344059.029297,4.261838,8224.728631
deep-image-96-angular,HNSWSQ_8,ef=200,1,0.960700,1527.125801,654.824900,2344059.029297,4.261838,6508.362871
deep-image-96-angular,HNSWSQ_8,ef=250,1,0.963100,1237.398182,808.147300,2344059.029297,4.261838,5273.590676
deep-image-96-angular,HNSWSQ_8,ef=300,1,0.964100,942.191111,1061.355800,2344059.029297,4.261838,4015.465941
deep-image-96-angular,HNSWSQ_8,ef=350,1,0.965100,812.807241,1230.304000,2344059.029297,4.261838,3464.052841
deep-image-96-angular,HNSWSQ_8,ef=400,1,0.965700,744.637622,1342.935100,2344059.029297,4.261838,3173.524965
deep-image-96-angular,HNSWSQ_8,ef=500,1,0.966500,600.957494,1664.011200,2344059.029297,4.261838,2561.183522
deep-image-96-angular,HNSWSQ_8,ef=10,10,0.624100,15838.447832,63.137500,2344059.029297,4.261838,67500.899877
deep-image-96-angular,HNSWSQ_8,ef=20,10,0.760010,10233.141667,97.721700,2344059.029297,4.261838,43611.992689
deep-image-96-angular,HNSWSQ_8,ef=30,10,0.821690,7562.563195,132.230300,2344059.029297,4.261838,32230.419700
deep-image-96-angular,HNSWSQ_8,ef=40,10,0.858590,6001.298681,166.630600,2344059.029297,4.261838,25576.563164
deep-image-96-angular,HNSWSQ_8,ef=60,10,0.899790,4357.325056,229.498600,2344059.029297,4.261838,18570.213788
deep-image-96-angular,HNSWSQ_8,ef=80,10,0.922220,3399.791321,294.135700,2344059.029297,4.261838,14489.360067
deep-image-96-angular,HNSWSQ_8,ef=100,10,0.934770,2781.217216,359.554800,2344059.029297,4.261838,11853.097403
deep-image-96-angular,HNSWSQ_8,ef=150,10,0.951660,1919.920500,520.854900,2344059.029297,4.261838,8182.390270
deep-image-96-angular,HNSWSQ_8,ef=200,10,0.959870,1516.466245,659.427800,2344059.029297,4.261838,6462.933571
deep-image-96-angular,HNSWSQ_8,ef=250,10,0.964500,1231.546659,811.987100,2344059.029297,4.261838,5248.652431
deep-image-96-angular,HNSWSQ_8,ef=300,10,0.967180,937.029026,1067.202800,2344059.029297,4.261838,3993.465971
deep-image-96-angular,HNSWSQ_8,ef=350,10,0.968890,808.096611,1237.475800,2344059.029297,4.261838,3443.976897
deep-image-96-angular,HNSWSQ_8,ef=400,10,0.970090,741.220667,1349.125900,2344059.029297,4.261838,3158.962456
deep-image-96-angular,HNSWSQ_8,ef=500,10,0.971590,598.800889,1670.004200,2344059.029297,4.261838,2551.992424
deep-image-96-angular,HNSWSQ_8,ef=10,1,0.707900,16064.050582,62.250800,2344059.029297,4.261838,68462.382267
deep-image-96-angular,HNSWSQ_8,ef=20,1,0.823700,10410.398739,96.057800,2344059.029297,4.261838,44367.433628
deep-image-96-angular,HNSWSQ_8,ef=30,1,0.869800,7693.645203,129.977400,2344059.029297,4.261838,32789.069992
deep-image-96-angular,HNSWSQ_8,ef=40,1,0.895700,6099.305228,163.953100,2344059.029297,4.261838,25994.251197
deep-image-96-angular,HNSWSQ_8,ef=60,1,0.924600,4409.688261,226.773400,2344059.029297,4.261838,18793.377292
deep-image-96-angular,HNSWSQ_8,ef=80,1,0.938200,3431.048449,291.456100,2344059.029297,4.261838,14622.572888
deep-image-96-angular,HNSWSQ_8,ef=100,1,0.947100,2805.663737,356.421900,2344059.029297,4.261838,11957.284516
deep-image-96-angular,HNSWSQ_8,ef=150,1,0.956600,1932.246548,517.532300,2344059.029297,4.261838,8234.921890
deep-image-96-angular,HNSWSQ_8,ef=200,1,0.960700,1526.856956,654.940200,2344059.029297,4.261838,6507.217096
deep-image-96-angular,HNSWSQ_8,ef=250,1,0.963100,1238.961319,807.127700,2344059.029297,4.261838,5280.252513
deep-image-96-angular,HNSWSQ_8,ef=300,1,0.964100,943.188992,1060.232900,2344059.029297,4.261838,4019.718749
deep-image-96-angular,HNSWSQ_8,ef=350,1,0.965100,812.656441,1230.532300,2344059.029297,4.261838,3463.410157
deep-image-96-angular,HNSWSQ_8,ef=400,1,0.965700,744.951038,1342.370100,2344059.029297,4.261838,3174.860693
deep-image-96-angular,HNSWSQ_8,ef=500,1,0.966500,601.328732,1662.983900,2344059.029297,4.261838,2562.765680
deep-image-96-angular,HNSWSQ_8,ef=10,10,0.624100,15854.895992,63.072000,2344059.029297,4.261838,67570.999271
deep-image-96-angular,HNSWSQ_8,ef=20,10,0.760010,10231.236169,97.739900,2344059.029297,4.261838,43603.871766
deep-image-96-angular,HNSWSQ_8,ef=30,10,0.821690,7559.984699,132.275400,2344059.029297,4.261838,32219.430567
deep-image-96-angular,HNSWSQ_8,ef=40,10,0.858590,5997.699283,166.730600,2344059.029297,4.261838,25561.223111
deep-image-96-angular,HNSWSQ_8,ef=60,10,0.899790,4355.806682,229.578600,2344059.029297,4.261838,18563.742727
deep-image-96-angular,HNSWSQ_8,ef=80,10,0.922220,3397.680879,294.318400,2344059.029297,4.261838,14480.365706
deep-image-96-angular,HNSWSQ_8,ef=100,10,0.934770,2780.856031,359.601500,2344059.029297,4.261838,11851.558089
deep-image-96-angular,HNSWSQ_8,ef=150,10,0.951660,1920.396862,520.725700,2344059.029297,4.261838,8184.420446
deep-image-96-angular,HNSWSQ_8,ef=200,10,0.959870,1517.152317,659.129600,2344059.029297,4.261838,6465.857498
deep-image-96-angular,HNSWSQ_8,ef=250,10,0.964500,1232.750887,811.193900,2344059.029297,4.261838,5253.784657
deep-image-96-angular,HNSWSQ_8,ef=300,10,0.967180,936.963266,1067.277700,2344059.029297,4.261838,3993.185715
deep-image-96-angular,HNSWSQ_8,ef=350,10,0.968890,808.386002,1237.032800,2344059.029297,4.261838,3445.210237
deep-image-96-angular,HNSWSQ_8,ef=400,10,0.970090,740.999981,1349.527700,2344059.029297,4.261838,3158.021926
deep-image-96-angular,HNSWSQ_8,ef=500,10,0.971590,599.129836,1669.087300,2344059.029297,4.261838,2553.394341